confidence,confluence,p_success,atr,atr_pct,approx_stop_pct,minutes_since_midnight,minutes_to_eod_flatten,belief_posterior,qty,risk_rupees,is_futures,y_binary,honest_pnl,y_R,hold_sec,symbol,signal_id,buy_time,sell_time,buy_price,sell_price,fees,atr_source,is_short_hold,direction,gross_pnl,signal_market,signal_to_buy_sec,reentry_sec,same_symbol_seq,is_clean
0.597034875511702,73.6,0.6764270463849127,22.14394751582518,0.01696334234846107,0.025445013522691604,445,134.55340661666668,0.29464285714285715,1.0,33.21592127373777,0,1,1.9099267578124999,0.05750033973384285,8014.611162,RELIANCE,147,2026-08-14 07:25:26.795603,2026-08-14 09:39:01.406765,1305.4000244140625,1309.699951171875,2.39,price_bars,0,long,4.2999267578125,equity_cash,0.022794,,1,1
0.5845254859939495,70.4,0.6536827018071808,29.397981100572114,0.025128626794666424,0.03769294019199964,445,134.55308318333334,0.29464285714285715,1.0,44.09697165085817,0,0,-2.238904157366071,-0.050772288289835425,8014.59993,INFY,149,2026-08-14 07:25:26.815009,2026-08-14 09:39:01.414939,1169.9000244140625,1169.800048828125,2.138928571428571,price_bars,0,long,-0.0999755859375,equity_cash,0.0422,,1,1
0.597034875511702,73.6,0.6764270463849127,6.816697931492427,0.02139243076121595,0.03208864614182392,469,110.12204475,0.29464285714285715,2.0,20.45009379447728,0,0,-2.37001220703125,-0.11589248591472436,6548.740686,BPCL,571,2026-08-14 07:49:52.677315,2026-08-14 09:39:01.418001,318.6499938964844,318.04998779296875,1.17,price_bars,0,long,-1.20001220703125,equity_cash,0.400114,,1,1
0.597034875511702,73.6,0.6764270463849127,6.291011699453515,0.025093784507513633,0.037640676761270454,469,110.1219125,0.29464285714285715,3.0,28.30955264754082,0,0,-3.4699908447265626,-0.12257314299270611,6548.736512,JIOFIN,583,2026-08-14 07:49:52.685250,2026-08-14 09:39:01.421762,250.6999969482422,250.0,1.37,price_bars,0,long,-2.0999908447265625,equity_cash,0.408049,,1,1
0.597034875511702,73.6,0.6764270463849127,3.6429359732840045,0.01974598007922433,0.029618970118836494,469,110.12184618333335,0.29464285714285715,3.0,16.393211879778022,0,0,-2.1200311279296873,-0.12932371907819168,6548.735414,WIPRO,590,2026-08-14 07:49:52.689229,2026-08-14 09:39:01.424643,184.49000549316406,184.1199951171875,1.01,price_bars,0,long,-1.1100311279296875,equity_cash,0.412028,,1,1
0.5845254859939495,70.4,0.6536827018071808,1.8700729521983155,0.05046068221535656,0.07569102332303483,469,110.12178411666667,0.29464285714285715,2.0,5.610218856594947,0,0,-0.5200048828125,-0.09268887651347538,6548.734422,VISL,540,2026-08-14 07:49:52.692953,2026-08-14 09:39:01.427375,37.060001373291016,36.869998931884766,0.14,price_bars,0,long,-0.3800048828125,equity_cash,0.415752,,1,1
0.597034875511702,73.6,0.6764270463849127,29.397981100572114,0.025201869781887796,0.037802804672831695,477,102.54500370000001,0.29464285714285715,7.0,308.6788015560072,0,1,8.167841796875,0.026460650215376108,6094.115161,INFY,1555,2026-08-14 07:57:27.299778,2026-08-14 09:39:01.414939,1166.5,1169.800048828125,14.9325,price_bars,0,long,23.100341796875,equity_cash,0.355445,-6094.115161,2,1
0.597034875511702,73.6,0.6764270463849127,35.47427332112869,0.017760224735921426,0.02664033710388214,477,102.54488958333333,0.29464285714285715,4.0,212.84563992677215,0,0,-43.7801953125,-0.2056898855318917,6094.123507,BHARTIARTL,1575,2026-08-14 07:57:27.306625,2026-08-14 09:39:01.430132,1997.4000244140625,1990.0999755859375,14.58,price_bars,0,long,-29.2001953125,equity_cash,0.362292,,1,1
0.597034875511702,73.6,0.6764270463849127,29.397981100572114,0.025201869781887796,0.037802804672831695,477,102.50855245,0.29464285714285715,7.0,308.6788015560072,0,1,8.167841796875,0.026460650215376108,6091.928086,INFY,1658,2026-08-14 07:57:29.486853,2026-08-14 09:39:01.414939,1166.5,1169.800048828125,14.9325,price_bars,0,long,23.100341796875,equity_cash,0.350785,-6091.928086,3,1
0.597034875511702,73.6,0.6764270463849127,29.397981100572114,0.025201869781887796,0.037802804672831695,477,102.45699551666667,0.29464285714285715,7.0,308.6788015560072,0,1,8.167841796875,0.026460650215376108,6088.83467,INFY,1761,2026-08-14 07:57:32.580269,2026-08-14 09:39:01.414939,1166.5,1169.800048828125,14.9325,price_bars,0,long,23.100341796875,equity_cash,0.315063,-6088.83467,4,1
0.597034875511702,73.6,0.6764270463849127,29.397981100572114,0.025201869781887796,0.037802804672831695,478,101.45065951666668,0.29464285714285715,6.0,264.58182990514905,0,1,7.006721540178571,0.02648224763843548,6028.45451,INFY,1864,2026-08-14 07:58:32.960429,2026-08-14 09:39:01.414939,1166.5,1169.800048828125,12.793571428571429,price_bars,0,long,19.80029296875,equity_cash,0.358463,-6028.45451,5,1
0.597034875511702,73.6,0.6764270463849127,27.986503063534276,0.025708711823615997,0.03856306773542399,520,59.9964428,0.29464285714285715,3.0,125.93926378590425,0,0,-8.6600732421875,-0.0687638865104814,3541.219491,BAJFINANCE,7308,2026-08-14 08:40:00.213432,2026-08-14 09:39:01.432923,1088.5999755859375,1087.699951171875,5.96,price_bars,0,long,-2.7000732421875,equity_cash,1.089791,,1,1
0.597034875511702,73.6,0.6764270463849127,32.387014872374046,0.023735445124495453,0.03560316768674318,520,59.99610621666667,0.29464285714285715,1.0,48.58052230856107,0,0,-5.689951171875,-0.1171241250914318,3541.202032,HCLTECH,7311,2026-08-14 08:40:00.233627,2026-08-14 09:39:01.435659,1364.5,1361.300048828125,2.49,price_bars,0,long,-3.199951171875,equity_cash,1.109986,,1,1
0.597034875511702,73.6,0.6764270463849127,1257.0859357090626,0.021678154090866326,0.03251723113629949,520,59.99586035,0.29464285714285715,0.015600000000000001,29.415810895592067,0,0,-19.533586116821304,-0.6640505742355175,3541.190237,BNBUSDT,7388,2026-08-14 08:40:00.248379,2026-08-14 09:39:01.438616,57988.6059689331,58033.24788452148,20.229999999999997,price_bars,0,long,0.6964138831786928,crypto_spot,1.124738,,1,1
0.597034875511702,73.6,0.6764270463849127,28.34591669057096,0.03390705624940289,0.050860584374104345,520,59.99574251666666,0.29464285714285715,0.3791,16.118905526093176,0,0,-6.088198910473592,-0.37770547762179363,3541.186307,LINKUSDT,7393,2026-08-14 08:40:00.255449,2026-08-14 09:39:01.441756,835.9887240600585,838.6313014526368,7.09,price_bars,0,long,1.0018010895264078,crypto_spot,1.131808,,1,1
0.597034875511702,73.6,0.6764270463849127,29.397981100572114,0.07735191087294717,0.11602786630942076,520,59.99564023333333,0.29464285714285715,0.05,2.2048485825429087,1,1,39.42725082397461,17.882067338384818,0.158618,INFY.F,7403,2026-08-14 08:40:00.261586,2026-08-14 08:40:00.420204,380.0550079345703,1169.4000244140625,0.04,price_bars,1,long,39.46725082397461,india_futures,1.137945,,1,0
0.622034875511702,73.6,0.6764270463849127,29.397981100572114,0.07735191087294717,0.11602786630942076,520,59.97425088333333,0.29464285714285715,0.05,2.2048485825429087,1,1,39.42725082397461,17.882067338384818,60.115372,INFY.F,7527,2026-08-14 08:40:01.544947,2026-08-14 08:41:01.660319,380.0550079345703,1169.4000244140625,0.04,price_bars,1,long,39.46725082397461,india_futures,1.114532,1.124743,2,0
0.642034875511702,73.6,0.6764270463849127,29.397981100572114,0.07735191087294717,0.11602786630942076,521,58.95572791666667,0.29464285714285715,0.05,2.2048485825429087,1,1,39.42725082397461,17.882067338384818,60.091958,INFY.F,7651,2026-08-14 08:41:02.656325,2026-08-14 08:42:02.748283,380.0550079345703,1169.4000244140625,0.04,price_bars,1,long,39.46725082397461,india_futures,0.991416,0.996006,3,0
0.6583985118753384,73.6,0.6764270463849127,29.397981100572114,0.07735191087294717,0.11602786630942076,522,57.93769745,0.29464285714285715,0.05,2.2048485825429087,1,1,39.31724716186524,17.832175630183023,115.001892,INFY.F,7899,2026-08-14 08:42:03.738153,2026-08-14 08:43:58.740045,380.0550079345703,1167.199951171875,0.04,price_bars,1,long,39.35724716186524,india_futures,0.98559,0.98987,4,0
0.672034875511702,73.6,0.6764270463849127,29.397981100572114,0.07749771268622926,0.11624656902934391,523,56.004339933333334,0.29464285714285715,0.05,2.2048485825429087,1,1,39.35299835205078,17.848390435348605,60.140243,INFY.F,8150,2026-08-14 08:43:59.739604,2026-08-14 08:44:59.879847,379.3399841308594,1167.199951171875,0.04,price_bars,1,long,39.39299835205078,india_futures,0.994717,0.999559,5,0
0.6835733370501635,73.6,0.6764270463849127,29.397981100572114,0.07749771268622926,0.11624656902934391,525,54.984829350000005,0.29464285714285715,0.05,2.2048485825429087,1,1,39.35299835205078,17.848390435348605,60.090165,INFY.F,8278,2026-08-14 08:45:00.910239,2026-08-14 08:46:01.000404,379.3399841308594,1167.199951171875,0.04,price_bars,1,long,39.39299835205078,india_futures,1.026167,1.030392,6,0
0.6934634469402734,73.6,0.6764270463849127,29.397981100572114,0.07749771268622926,0.11624656902934391,526,53.966440416666664,0.29464285714285715,0.05,2.2048485825429087,1,1,39.35299835205078,17.848390435348605,60.126003,INFY.F,8406,2026-08-14 08:46:02.013575,2026-08-14 08:47:02.139578,379.3399841308594,1167.199951171875,0.04,price_bars,1,long,39.39299835205078,india_futures,1.009162,1.013171,7,0
0.702034875511702,73.6,0.6764270463849127,29.397981100572114,0.07749771268622926,0.11624656902934391,527,52.94654585,0.29464285714285715,0.05,2.2048485825429087,1,1,39.35299835205078,17.848390435348605,60.065769,INFY.F,8662,2026-08-14 08:47:03.207249,2026-08-14 08:48:03.273018,379.3399841308594,1167.199951171875,0.04,price_bars,1,long,39.39299835205078,india_futures,1.059169,1.067671,8,0
0.709534875511702,73.6,0.6764270463849127,29.397981100572114,0.07749771268622926,0.11624656902934391,528,51.927668616666665,0.29464285714285715,0.05,2.2048485825429087,1,1,39.372999572753905,17.85746190667842,102.766945,INFY.F,8790,2026-08-14 08:48:04.339883,2026-08-14 08:49:47.106828,379.3399841308594,1167.5999755859375,0.04,price_bars,1,long,39.412999572753904,india_futures,1.062166,1.066865,9,0
0.7161525225705255,73.6,0.6764270463849127,29.397981100572114,0.07747116166040133,0.11620674249060199,529,50.19798956666667,0.29464285714285715,0.05,2.2048485825429087,1,1,39.36649917602539,17.854513678496232,60.130762,INFY.F,8918,2026-08-14 08:49:48.120626,2026-08-14 08:50:48.251388,379.4699920654297,1167.5999755859375,0.04,price_bars,1,long,39.40649917602539,india_futures,1.009261,1.013798,10,0
0.7220348755117021,73.6,0.6764270463849127,29.397981100572114,0.07747116166040133,0.11620674249060199,530,49.17913848333333,0.29464285714285715,0.05,2.2048485825429087,1,1,39.36649917602539,17.854513678496232,60.084481,INFY.F,9046,2026-08-14 08:50:49.251691,2026-08-14 08:51:49.336172,379.4699920654297,1167.5999755859375,0.04,price_bars,1,long,39.40649917602539,india_futures,0.994942,1.000303,11,0
0.7272980334064388,73.6,0.6764270463849127,29.397981100572114,0.07747116166040133,0.11620674249060199,531,48.15879908333333,0.29464285714285715,0.05,2.2048485825429087,1,1,39.36649917602539,17.854513678496232,60.089661,INFY.F,9174,2026-08-14 08:51:50.472055,2026-08-14 08:52:50.561716,379.4699920654297,1167.5999755859375,0.04,price_bars,1,long,39.40649917602539,india_futures,1.131836,1.135883,12,0
0.7320348755117021,73.6,0.6764270463849127,198.57956409647295,0.025060355223473565,0.03759053283521035,532,47.14005575,0.29464285714285715,0.05,14.893467307235472,1,1,822.0223486328125,55.19348393999976,60.105407,NIFTY.F,9297,2026-08-14 08:52:51.596655,2026-08-14 08:53:51.702062,7924.05224609375,24381.69921875,0.86,price_bars,1,long,822.8823486328125,india_futures,1.030389,,1,0
0.7320348755117021,73.6,0.6764270463849127,29.397981100572114,0.07747116166040133,0.11620674249060199,532,47.13993851666667,0.29464285714285715,0.05,2.2048485825429087,1,1,39.36649917602539,17.854513678496232,60.104017,INFY.F,9302,2026-08-14 08:52:51.603689,2026-08-14 08:53:51.707706,379.4699920654297,1167.5999755859375,0.04,price_bars,1,long,39.40649917602539,india_futures,1.037423,1.041973,13,0
0.7402166936935202,73.6,0.6764270463849127,198.57956409647295,0.025060355223473565,0.03759053283521035,533,46.12064938333333,0.29464285714285715,0.05,14.893467307235472,1,1,821.7774267578126,55.17703902022739,91.482891,NIFTY.F,9425,2026-08-14 08:53:52.761037,2026-08-14 08:55:24.243928,7924.05224609375,24376.80078125,0.86,price_bars,1,long,822.6374267578126,india_futures,1.049774,1.058975,2,0
0.7402166936935202,73.6,0.6764270463849127,29.397981100572114,0.07747116166040133,0.11620674249060199,533,46.12054251666667,0.29464285714285715,0.05,2.2048485825429087,1,1,39.24149917602539,17.797820442965367,91.48151,INFY.F,9430,2026-08-14 08:53:52.767449,2026-08-14 08:55:24.248959,379.4699920654297,1165.0999755859375,0.04,price_bars,1,long,39.28149917602539,india_futures,1.056186,1.059743,14,0
0.747034875511702,73.6,0.6764270463849127,25.08294476282473,0.024230048247616456,0.03634507237142469,535,44.57831613333334,0.29464285714285715,1.0,37.6244171442371,0,0,-2.089951171875,-0.0555477355001396,2616.143464,HINDALCO,9615,2026-08-14 08:55:25.301032,2026-08-14 09:39:01.444496,1035.199951171875,1035.0,1.8900000000000001,price_bars,0,long,-0.199951171875,equity_cash,1.046813,,1,1
0.747034875511702,73.6,0.6764270463849127,198.57956409647295,0.02506539101897813,0.037598086528467196,535,44.578194716666665,0.29464285714285715,0.05,14.893467307235472,1,1,821.8570263671875,55.182383619153406,60.166165,NIFTY.F,9681,2026-08-14 08:55:25.308317,2026-08-14 08:56:25.474482,7922.460253906252,24376.80078125,0.86,price_bars,1,long,822.7170263671875,india_futures,1.054098,1.064389,3,0
0.747034875511702,73.6,0.6764270463849127,29.397981100572114,0.07763739452299631,0.11645609178449448,535,44.57808968333333,0.29464285714285715,0.05,2.2048485825429087,1,1,39.28212417602539,17.816245744512898,60.166069,INFY.F,9686,2026-08-14 08:55:25.314619,2026-08-14 08:56:25.480688,378.6574920654297,1165.0999755859375,0.04,price_bars,1,long,39.32212417602539,india_futures,1.0604,1.06566,15,0
0.7528041062809327,73.6,0.6764270463849127,29.14875459897598,0.02584109450263828,0.03876164175395742,536,43.55813903333333,0.29464285714285715,1.0,43.72313189846397,0,0,-3.1599755859375,-0.07227239789857123,2554.935555,SHRIRAMFIN,9749,2026-08-14 08:56:26.511658,2026-08-14 09:39:01.447213,1128.0,1126.9000244140625,2.06,price_bars,0,long,-1.0999755859375,equity_cash,1.027443,,1,1
0.7528041062809327,73.6,0.6764270463849127,198.57956409647295,0.02506539101897813,0.037598086528467196,536,43.55803076666667,0.29464285714285715,0.05,14.893467307235472,1,1,821.8570263671875,55.182383619153406,60.159687,NIFTY.F,9809,2026-08-14 08:56:26.518154,2026-08-14 08:57:26.677841,7922.460253906252,24376.80078125,0.86,price_bars,1,long,822.7170263671875,india_futures,1.033939,1.043672,4,0
0.7528041062809327,73.6,0.6764270463849127,29.397981100572114,0.07763739452299631,0.11645609178449448,536,43.55791491666666,0.29464285714285715,0.05,2.2048485825429087,1,1,39.28212417602539,17.816245744512898,60.159927,INFY.F,9814,2026-08-14 08:56:26.525105,2026-08-14 08:57:26.685032,378.6574920654297,1165.0999755859375,0.04,price_bars,1,long,39.32212417602539,india_futures,1.04089,1.044417,16,0
0.7577491612259877,73.6,0.6764270463849127,41.7498018392868,0.033523206215552555,0.05028480932332883,537,42.53695928333333,0.29464285714285715,1.0,62.624702758930205,0,0,-9.4700732421875,-0.15121945214881005,2493.667552,LODHA,9893,2026-08-14 08:57:27.782443,2026-08-14 09:39:01.449995,1245.4000244140625,1238.199951171875,2.27,price_bars,0,long,-7.2000732421875,equity_cash,1.092797,,1,1
0.7577491612259877,73.6,0.6764270463849127,198.57956409647295,0.02506539101897813,0.037598086528467196,537,42.536801383333334,0.29464285714285715,0.05,14.893467307235472,1,1,821.8570263671875,55.182383619153406,60.151453,NIFTY.F,9937,2026-08-14 08:57:27.791917,2026-08-14 08:58:27.943370,7922.460253906252,24376.80078125,0.86,price_bars,1,long,822.7170263671875,india_futures,1.102271,1.114076,5,0
0.7577491612259877,73.6,0.6764270463849127,29.397981100572114,0.07763739452299631,0.11645609178449448,537,42.536685633333335,0.29464285714285715,0.05,2.2048485825429087,1,1,39.28212417602539,17.816245744512898,60.151,INFY.F,9942,2026-08-14 08:57:27.798862,2026-08-14 08:58:27.949862,378.6574920654297,1165.0999755859375,0.04,price_bars,1,long,39.32212417602539,india_futures,1.109216,1.11383,17,0
0.762034875511702,73.6,0.6764270463849127,198.57956409647295,0.02506539101897813,0.037598086528467196,538,41.51630115,0.29464285714285715,0.05,14.893467307235472,1,1,821.8570263671875,55.182383619153406,60.190688,NIFTY.F,10065,2026-08-14 08:58:29.021931,2026-08-14 08:59:29.212619,7922.460253906252,24376.80078125,0.86,price_bars,1,long,822.7170263671875,india_futures,1.068438,1.078561,6,0
0.762034875511702,73.6,0.6764270463849127,29.397981100572114,0.07763739452299631,0.11645609178449448,538,41.5161696,0.29464285714285715,0.05,2.2048485825429087,1,1,39.28212417602539,17.816245744512898,60.195786,INFY.F,10070,2026-08-14 08:58:29.029824,2026-08-14 08:59:29.225610,378.6574920654297,1165.0999755859375,0.04,price_bars,1,long,39.32212417602539,india_futures,1.076331,1.079962,18,0
0.765784875511702,73.6,0.6764270463849127,34.221850415254856,0.022759943449665827,0.03413991517449874,539,40.490764633333335,0.29464285714285715,1.0,51.33277562288228,0,0,-3.939951171875,-0.07675312943956052,2370.898692,NESTLEIND,10131,2026-08-14 08:59:30.554122,2026-08-14 09:39:01.452814,1503.5999755859375,1502.4000244140625,2.74,price_bars,0,long,-1.199951171875,equity_cash,1.321344,,1,1
0.765784875511702,73.6,0.6764270463849127,198.57956409647295,0.02506539101897813,0.037598086528467196,539,40.49068228333333,0.29464285714285715,0.05,14.893467307235472,1,1,821.5745068359375,55.16341425994229,109.936868,NIFTY.F,10193,2026-08-14 08:59:30.559063,2026-08-14 09:01:20.495931,7922.460253906252,24371.150390625,0.86,price_bars,1,long,822.4345068359376,india_futures,1.326285,1.346444,7,0
0.7674894209662475,73.6,0.6764270463849127,198.57956409647295,0.025071202367566752,0.037606803551350126,541,38.63776036666666,0.29464285714285715,0.05,14.893467307235472,1,1,821.6663256835938,55.1695793016859,60.237397,NIFTY.F,10449,2026-08-14 09:01:21.734378,2026-08-14 09:02:21.971775,7920.623876953126,24371.150390625,0.86,price_bars,1,long,822.5263256835938,india_futures,1.226432,1.238447,8,0
0.7690936990411137,73.6,0.6764270463849127,39.193098317960334,0.02407882256784671,0.03611823385177007,542,37.61568896666667,0.29464285714285715,1.0,58.7896474769405,0,0,-1.5699755859374998,-0.026704966832014138,2198.396918,TECHM,10519,2026-08-14 09:02:23.058662,2026-08-14 09:39:01.455580,1627.699951171875,1629.0999755859375,2.9699999999999998,price_bars,0,long,1.4000244140625,equity_cash,1.082743,,1,1
0.669034875511702,73.6,0.6764270463849127,35.47427332112869,0.017825372471895105,0.026738058707842658,579,0.9685336166666667,0.29464285714285715,5.0,266.05704990846516,0,0,-10.55,-0.039653149591900104,60.030958,BHARTIARTL,15727,2026-08-14 09:39:01.887983,2026-08-14 09:40:01.918941,1990.0999755859375,1990.0999755859375,10.55,price_bars,1,long,0.0,equity_cash,0.430126,0.457851,2,1
0.669034875511702,73.6,0.6764270463849127,27.986503063534276,0.02572998466477998,0.03859497699716997,579,0.9684622833333333,0.29464285714285715,9.0,377.81779135771274,0,0,-10.379999999999999,-0.027473560635402572,60.030079,BAJFINANCE,15731,2026-08-14 09:39:01.892263,2026-08-14 09:40:01.922342,1087.699951171875,1087.699951171875,10.379999999999999,price_bars,1,long,0.0,equity_cash,0.434406,0.45934,2,1
0.669034875511702,73.6,0.6764270463849127,32.387014872374046,0.023791239044069972,0.035686858566104956,579,0.9684188333333333,0.29464285714285715,7.0,340.0636561599275,0,0,-10.1,-0.029700321739910072,60.031073,HCLTECH,15734,2026-08-14 09:39:01.894870,2026-08-14 09:40:01.925943,1361.300048828125,1361.300048828125,10.1,price_bars,1,long,0.0,equity_cash,0.437013,0.459211,2,1
0.669034875511702,73.6,0.6764270463849127,74.63943504983074,0.021798900423431876,0.03269835063514781,579,0.9683763833333334,0.29464285714285715,3.0,335.8774577242383,0,0,-10.9,-0.032452311845676485,60.031572,M&M,15737,2026-08-14 09:39:01.897417,2026-08-14 09:40:01.928989,3424.0,3424.0,10.9,price_bars,1,long,0.0,equity_cash,0.43956,,1,1
0.669034875511702,73.6,0.6764270463849127,44.805134845573264,0.022306649103937662,0.03345997365590649,579,0.9683314000000001,0.29464285714285715,5.0,336.03851134179945,0,0,-10.649999999999999,-0.031692796035414576,60.031792,BAJAJFINSV,15748,2026-08-14 09:39:01.900116,2026-08-14 09:40:01.931908,2008.5999755859375,2008.5999755859375,10.649999999999999,price_bars,1,long,0.0,equity_cash,0.442259,,1,1
0.669034875511702,73.6,0.6764270463849127,83.24220575484344,0.02565087113500782,0.03847630670251173,579,0.9682774333333334,0.29464285714285715,1.0,124.86330863226516,0,0,-3.4400000000000004,-0.027550126916235592,60.031361,GRASIM,15756,2026-08-14 09:39:01.903354,2026-08-14 09:40:01.934715,3245.199951171875,3245.199951171875,3.4400000000000004,price_bars,1,long,0.0,equity_cash,0.445497,,1,1
0.669034875511702,73.6,0.6764270463849127,34.221850415254856,0.0227781215782404,0.03416718236736059,579,0.9682352833333333,0.29464285714285715,1.0,51.33277562288228,0,0,-1.5899999999999999,-0.03097436249465606,60.031601,NESTLEIND,15763,2026-08-14 09:39:01.905883,2026-08-14 09:40:01.937484,1502.4000244140625,1502.4000244140625,1.5899999999999999,price_bars,1,long,0.0,equity_cash,0.448026,0.453069,2,1
0.669034875511702,73.6,0.6764270463849127,39.193098317960334,0.02405812958401388,0.03608719437602082,579,0.9681929833333334,0.29464285714285715,1.0,58.7896474769405,0,0,-1.7200000000000002,-0.029256851738644094,60.032162,TECHM,15767,2026-08-14 09:39:01.908421,2026-08-14 09:40:01.940583,1629.0999755859375,1629.0999755859375,1.7200000000000002,price_bars,1,long,0.0,equity_cash,0.450564,0.452841,2,1
0.669034875511702,73.6,0.6764270463849127,1257.0859357090626,0.021661478230729014,0.03249221734609352,579,0.9681242,0.29464285714285715,0.0146,27.53018199202847,0,0,-18.94,-0.6879722046691952,60.031199,BNBUSDT,15813,2026-08-14 09:39:01.912548,2026-08-14 09:40:01.943747,58033.24788452148,58033.24788452148,18.94,price_bars,1,long,0.0,crypto_spot,0.454691,0.473932,2,1
0.669034875511702,73.6,0.6764270463849127,29.397981100572114,0.07732545964065789,0.11598818946098682,579,0.9680670333333333,0.29464285714285715,0.05,2.2048485825429087,1,1,36.80075164794922,16.690829447120567,60.030607,INFY.F,15830,2026-08-14 09:39:01.915978,2026-08-14 09:40:01.946585,380.18501586914067,1169.800048828125,2.6799999999999997,price_bars,1,long,39.48075164794922,india_futures,0.458121,2372.690368,19,0
0.627034875511702,73.6,0.6764270463849127,35.47427332112869,0.017825372471895105,0.026738058707842658,580,0.0,0.29464285714285715,5.0,266.05704990846516,0,0,-10.55,-0.039653149591900104,60.065958,BHARTIARTL,15983,2026-08-14 09:40:02.409699,2026-08-14 09:41:02.475657,1990.0999755859375,1990.0999755859375,10.55,price_bars,1,long,0.0,equity_cash,0.460566,0.490758,3,1
0.627034875511702,73.6,0.6764270463849127,27.986503063534276,0.02572998466477998,0.03859497699716997,580,0.0,0.29464285714285715,9.0,377.81779135771274,0,0,-10.379999999999999,-0.027473560635402572,60.069301,BAJFINANCE,15987,2026-08-14 09:40:02.412479,2026-08-14 09:41:02.481780,1087.699951171875,1087.699951171875,10.379999999999999,price_bars,1,long,0.0,equity_cash,0.463346,0.490137,3,1
0.627034875511702,73.6,0.6764270463849127,32.387014872374046,0.023791239044069972,0.035686858566104956,580,0.0,0.29464285714285715,7.0,340.0636561599275,0,0,-10.1,-0.029700321739910072,60.070029,HCLTECH,15990,2026-08-14 09:40:02.415224,2026-08-14 09:41:02.485253,1361.300048828125,1361.300048828125,10.1,price_bars,1,long,0.0,equity_cash,0.466091,0.489281,3,1
0.627034875511702,73.6,0.6764270463849127,74.63943504983074,0.021798900423431876,0.03269835063514781,580,0.0,0.29464285714285715,3.0,335.8774577242383,0,0,-10.9,-0.032452311845676485,60.069344,M&M,15993,2026-08-14 09:40:02.419072,2026-08-14 09:41:02.488416,3424.0,3424.0,10.9,price_bars,1,long,0.0,equity_cash,0.469939,0.490083,2,1
0.627034875511702,73.6,0.6764270463849127,44.805134845573264,0.022306649103937662,0.03345997365590649,580,0.0,0.29464285714285715,5.0,336.03851134179945,0,0,-10.649999999999999,-0.031692796035414576,60.070599,BAJAJFINSV,16004,2026-08-14 09:40:02.421946,2026-08-14 09:41:02.492545,2008.5999755859375,2008.5999755859375,10.649999999999999,price_bars,1,long,0.0,equity_cash,0.472813,0.490038,2,1
0.627034875511702,73.6,0.6764270463849127,83.24220575484344,0.02565087113500782,0.03847630670251173,580,0.0,0.29464285714285715,1.0,124.86330863226516,0,0,-3.4400000000000004,-0.027550126916235592,60.070916,GRASIM,16012,2026-08-14 09:40:02.425249,2026-08-14 09:41:02.496165,3245.199951171875,3245.199951171875,3.4400000000000004,price_bars,1,long,0.0,equity_cash,0.476116,0.490534,2,1
0.627034875511702,73.6,0.6764270463849127,34.221850415254856,0.0227781215782404,0.03416718236736059,580,0.0,0.29464285714285715,1.0,51.33277562288228,0,0,-1.5899999999999999,-0.03097436249465606,60.074255,NESTLEIND,16019,2026-08-14 09:40:02.427995,2026-08-14 09:41:02.502250,1502.4000244140625,1502.4000244140625,1.5899999999999999,price_bars,1,long,0.0,equity_cash,0.478862,0.490511,3,1
0.627034875511702,73.6,0.6764270463849127,39.193098317960334,0.02405812958401388,0.03608719437602082,580,0.0,0.29464285714285715,1.0,58.7896474769405,0,0,-1.7200000000000002,-0.029256851738644094,60.076937,TECHM,16023,2026-08-14 09:40:02.430518,2026-08-14 09:41:02.507455,1629.0999755859375,1629.0999755859375,1.7200000000000002,price_bars,1,long,0.0,equity_cash,0.481385,0.489935,3,1
0.627034875511702,73.6,0.6764270463849127,1257.0859357090626,0.021661478230729014,0.03249221734609352,580,0.0,0.29464285714285715,0.014100000000000001,26.587367540246678,0,0,-18.3,-0.6882968000610945,60.077163,BNBUSDT,16069,2026-08-14 09:40:02.435703,2026-08-14 09:41:02.512866,58033.24788452148,58033.24788452148,18.3,price_bars,1,long,0.0,crypto_spot,0.48657,0.491956,3,1
0.627034875511702,73.6,0.6764270463849127,29.397981100572114,0.07732545964065789,0.11598818946098682,580,0.0,0.29464285714285715,0.05,2.2048485825429087,1,1,36.80075164794922,16.690829447120567,60.080159,INFY.F,16086,2026-08-14 09:40:02.439268,2026-08-14 09:41:02.519427,380.18501586914067,1169.800048828125,2.6799999999999997,price_bars,1,long,39.48075164794922,india_futures,0.490135,0.492683,20,0
0.597034875511702,73.6,0.6764270463849127,35.47427332112869,0.017825372471895105,0.026738058707842658,581,0.0,0.29464285714285715,5.0,266.05704990846516,0,0,-3.0599999999999987,-0.011501292677840214,84.818901,BHARTIARTL,16623,2026-08-14 09:41:03.061656,2026-08-14 09:42:27.880557,1990.0999755859375,1991.5999755859375,10.559999999999999,price_bars,1,long,7.5,equity_cash,0.538148,0.585999,4,1
0.597034875511702,73.6,0.6764270463849127,27.986503063534276,0.02572998466477998,0.03859497699716997,581,0.0,0.29464285714285715,9.0,377.81779135771274,0,0,-15.769780273437501,-0.04173911508181701,84.819297,BAJFINANCE,16627,2026-08-14 09:41:03.064564,2026-08-14 09:42:27.883861,1087.699951171875,1087.0999755859375,10.370000000000001,price_bars,1,long,-5.3997802734375,equity_cash,0.541056,0.582784,4,1
0.597034875511702,73.6,0.6764270463849127,32.387014872374046,0.023791239044069972,0.035686858566104956,581,0.0,0.29464285714285715,7.0,340.0636561599275,0,0,-4.5005126953125,-0.013234324261913972,84.819004,HCLTECH,16630,2026-08-14 09:41:03.067675,2026-08-14 09:42:27.886679,1361.300048828125,1362.0999755859375,10.1,price_bars,1,long,5.5994873046875,equity_cash,0.544167,0.582422,4,1
0.597034875511702,73.6,0.6764270463849127,74.63943504983074,0.021798900423431876,0.03269835063514781,581,0.0,0.29464285714285715,3.0,335.8774577242383,0,0,-3.9998535156250004,-0.011908669140008066,84.81882,M&M,16633,2026-08-14 09:41:03.070661,2026-08-14 09:42:27.889481,3424.0,3426.300048828125,10.9,price_bars,1,long,6.900146484375,equity_cash,0.547153,0.582245,3,1
0.597034875511702,73.6,0.6764270463849127,44.805134845573264,0.022306649103937662,0.03345997365590649,581,0.0,0.29464285714285715,5.0,336.03851134179945,0,0,-9.649633789062499,-0.028715856853821838,84.818988,BAJAJFINSV,16644,2026-08-14 09:41:03.073281,2026-08-14 09:42:27.892269,2008.5999755859375,2008.800048828125,10.649999999999999,price_bars,1,long,1.0003662109375,equity_cash,0.549773,0.580736,3,1
0.597034875511702,73.6,0.6764270463849127,83.24220575484344,0.02565087113500782,0.03847630670251173,581,0.0,0.29464285714285715,1.0,124.86330863226516,0,0,-5.639951171875,-0.04516900307747904,84.817953,GRASIM,16652,2026-08-14 09:41:03.077678,2026-08-14 09:42:27.895631,3245.199951171875,3243.0,3.4400000000000004,price_bars,1,long,-2.199951171875,equity_cash,0.55417,0.581513,3,1
0.597034875511702,73.6,0.6764270463849127,34.221850415254856,0.0227781215782404,0.03416718236736059,581,0.0,0.29464285714285715,1.0,51.33277562288228,0,0,-2.09,-0.040714728059013314,84.817292,NESTLEIND,16659,2026-08-14 09:41:03.081229,2026-08-14 09:42:27.898521,1502.4000244140625,1501.9000244140625,1.5899999999999999,price_bars,1,long,-0.5,equity_cash,0.557721,0.578979,4,1
0.597034875511702,73.6,0.6764270463849127,39.193098317960334,0.02405812958401388,0.03608719437602082,581,0.0,0.29464285714285715,1.0,58.7896474769405,0,0,-0.3199755859375002,-0.005442719928929776,84.816916,TECHM,16663,2026-08-14 09:41:03.084473,2026-08-14 09:42:27.901389,1629.0999755859375,1630.5,1.7200000000000002,price_bars,1,long,1.4000244140625,equity_cash,0.560965,0.577018,4,1
0.597034875511702,73.6,0.6764270463849127,1257.0859357090626,0.021661478230729014,0.03249221734609352,581,0.0,0.29464285714285715,0.013600000000000001,25.64455308846488,0,0,-18.146213772949153,-0.7076049916078071,84.814244,BNBUSDT,16709,2026-08-14 09:41:03.089950,2026-08-14 09:42:27.904194,58033.24788452148,57996.026283569336,17.64,price_bars,1,long,-0.5062137729491515,crypto_spot,0.566442,0.577084,4,1
0.597034875511702,73.6,0.6764270463849127,29.397981100572114,0.07732545964065789,0.11598818946098682,581,0.0,0.29464285714285715,0.05,2.2048485825429087,1,1,36.77575164794922,16.679490800014392,84.810168,INFY.F,16726,2026-08-14 09:41:03.096829,2026-08-14 09:42:27.906997,380.18501586914067,1169.300048828125,2.6799999999999997,price_bars,1,long,39.45575164794922,india_futures,0.573321,0.577402,21,0
0.591409875511702,73.6,0.6764270463849127,29.397981100572114,0.025141520459213897,0.03771228068882085,582,0.0,0.29464285714285715,8.0,352.7757732068654,0,0,-9.92,-0.028119844823309273,60.08512,INFY,16732,2026-08-14 09:42:28.345029,2026-08-14 09:43:28.430149,1169.300048828125,1169.300048828125,9.92,price_bars,1,long,0.0,equity_cash,0.435718,206.93009,6,1
0.591409875511702,73.6,0.6764270463849127,35.47427332112869,0.017811947055628982,0.026717920583443473,582,0.0,0.29464285714285715,5.0,266.05704990846516,0,0,-10.559999999999999,-0.03969073551568389,60.085313,BHARTIARTL,16751,2026-08-14 09:42:28.348199,2026-08-14 09:43:28.433512,1991.5999755859375,1991.5999755859375,10.559999999999999,price_bars,1,long,0.0,equity_cash,0.438888,0.467642,5,1
0.591409875511702,73.6,0.6764270463849127,32.387014872374046,0.023777267052987102,0.03566590057948065,582,0.0,0.29464285714285715,7.0,340.0636561599275,0,0,-10.11,-0.0297297279990585,60.08541,HCLTECH,16758,2026-08-14 09:42:28.350896,2026-08-14 09:43:28.436306,1362.0999755859375,1362.0999755859375,10.11,price_bars,1,long,0.0,equity_cash,0.441585,0.464217,5,1
0.591409875511702,73.6,0.6764270463849127,74.63943504983074,0.021784266989506414,0.03267640048425962,582,0.0,0.29464285714285715,3.0,335.8774577242383,0,0,-10.9,-0.032452311845676485,60.085578,M&M,16761,2026-08-14 09:42:28.353560,2026-08-14 09:43:28.439138,3426.300048828125,3426.300048828125,10.9,price_bars,1,long,0.0,equity_cash,0.444249,0.464079,4,1
0.591409875511702,73.6,0.6764270463849127,44.805134845573264,0.02230442739769509,0.03345664109654263,582,0.0,0.29464285714285715,5.0,336.03851134179945,0,0,-10.649999999999999,-0.031692796035414576,60.085649,BAJAJFINSV,16772,2026-08-14 09:42:28.356259,2026-08-14 09:43:28.441908,2008.800048828125,2008.800048828125,10.649999999999999,price_bars,1,long,0.0,equity_cash,0.446948,0.46399,4,1
0.591409875511702,73.6,0.6764270463849127,83.24220575484344,0.02566827189480217,0.038502407842203254,582,0.0,0.29464285714285715,1.0,124.86330863226516,0,0,-3.4400000000000004,-0.027550126916235592,60.086036,GRASIM,16780,2026-08-14 09:42:28.359386,2026-08-14 09:43:28.445422,3243.0,3243.0,3.4400000000000004,price_bars,1,long,0.0,equity_cash,0.450075,0.463755,4,1
0.591409875511702,73.6,0.6764270463849127,34.221850415254856,0.022785704680047432,0.034178557020071144,582,0.0,0.29464285714285715,2.0,102.66555124576456,0,0,-3.1799999999999997,-0.03097436249465606,60.086269,NESTLEIND,16787,2026-08-14 09:42:28.362153,2026-08-14 09:43:28.448422,1501.9000244140625,1501.9000244140625,3.1799999999999997,price_bars,1,long,0.0,equity_cash,0.452842,0.463632,5,1
0.591409875511702,73.6,0.6764270463849127,1257.0859357090626,0.02167538047456199,0.032513070711842985,582,0.0,0.29464285714285715,0.0194,36.58120072913372,0,0,-25.159999999999858,-0.6877849687411196,60.085949,BNBUSDT,16837,2026-08-14 09:42:28.366642,2026-08-14 09:43:28.452591,57996.02628356933,57996.026283569336,25.16,price_bars,1,long,1.4115357771515847e-13,crypto_spot,0.457331,0.462448,5,1
0.591409875511702,73.6,0.6764270463849127,29.397981100572114,0.07735852448988892,0.11603778673483339,582,0.0,0.29464285714285715,0.05,2.2048485825429087,1,1,36.78387664794923,16.683175860323903,60.085696,INFY.F,16854,2026-08-14 09:42:28.370010,2026-08-14 09:43:28.455706,380.0225158691406,1169.300048828125,2.6799999999999997,price_bars,1,long,39.46387664794923,india_futures,0.460699,0.463013,22,0
0.574282066522938,73.6,0.6764270463849127,29.397981100572114,0.025141520459213897,0.03771228068882085,583,0.0,0.29464285714285715,8.0,352.7757732068654,0,0,-9.92,-0.028119844823309273,60.044397,INFY,16860,2026-08-14 09:43:28.912315,2026-08-14 09:44:28.956712,1169.300048828125,1169.300048828125,9.92,price_bars,1,long,0.0,equity_cash,0.454081,0.482166,7,1
0.574282066522938,73.6,0.6764270463849127,35.47427332112869,0.017811947055628982,0.026717920583443473,583,0.0,0.29464285714285715,5.0,266.05704990846516,0,0,-10.559999999999999,-0.03969073551568389,60.045681,BHARTIARTL,16879,2026-08-14 09:43:28.915415,2026-08-14 09:44:28.961096,1991.5999755859375,1991.5999755859375,10.559999999999999,price_bars,1,long,0.0,equity_cash,0.457181,0.481903,6,1
0.574282066522938,73.6,0.6764270463849127,32.387014872374046,0.023777267052987102,0.03566590057948065,583,0.0,0.29464285714285715,7.0,340.0636561599275,0,0,-10.11,-0.0297297279990585,60.045589,HCLTECH,16886,2026-08-14 09:43:28.918413,2026-08-14 09:44:28.964002,1362.0999755859375,1362.0999755859375,10.11,price_bars,1,long,0.0,equity_cash,0.460179,0.482107,6,1
0.574282066522938,73.6,0.6764270463849127,74.63943504983074,0.021784266989506414,0.03267640048425962,583,0.0,0.29464285714285715,3.0,335.8774577242383,0,0,-10.9,-0.032452311845676485,60.04585,M&M,16889,2026-08-14 09:43:28.921008,2026-08-14 09:44:28.966858,3426.300048828125,3426.300048828125,10.9,price_bars,1,long,0.0,equity_cash,0.462774,0.48187,5,1
0.574282066522938,73.6,0.6764270463849127,44.805134845573264,0.02230442739769509,0.03345664109654263,583,0.0,0.29464285714285715,5.0,336.03851134179945,0,0,-10.649999999999999,-0.031692796035414576,60.046096,BAJAJFINSV,16900,2026-08-14 09:43:28.923673,2026-08-14 09:44:28.969769,2008.800048828125,2008.800048828125,10.649999999999999,price_bars,1,long,0.0,equity_cash,0.465439,0.481765,5,1
0.574282066522938,73.6,0.6764270463849127,83.24220575484344,0.02566827189480217,0.038502407842203254,583,0.0,0.29464285714285715,1.0,124.86330863226516,0,0,-3.4400000000000004,-0.027550126916235592,60.048205,GRASIM,16908,2026-08-14 09:43:28.927123,2026-08-14 09:44:28.975328,3243.0,3243.0,3.4400000000000004,price_bars,1,long,0.0,equity_cash,0.468889,0.481701,5,1
0.574282066522938,73.6,0.6764270463849127,34.221850415254856,0.022785704680047432,0.034178557020071144,583,0.0,0.29464285714285715,2.0,102.66555124576456,0,0,-3.1799999999999997,-0.03097436249465606,60.049888,NESTLEIND,16915,2026-08-14 09:43:28.930331,2026-08-14 09:44:28.980219,1501.9000244140625,1501.9000244140625,3.1799999999999997,price_bars,1,long,0.0,equity_cash,0.472097,0.481909,6,1
0.574282066522938,73.6,0.6764270463849127,1257.0859357090626,0.021675380474561988,0.03251307071184298,583,0.0,0.29464285714285715,0.0189,35.63838627735193,0,0,-24.5,-0.6874609812389195,60.04787,BNBUSDT,16965,2026-08-14 09:43:28.936380,2026-08-14 09:44:28.984250,57996.026283569336,57996.026283569336,24.5,price_bars,1,long,0.0,crypto_spot,0.478146,0.483789,6,1
0.574282066522938,73.6,0.6764270463849127,29.397981100572114,0.07735852448988892,0.11603778673483339,583,0.0,0.29464285714285715,0.05,2.2048485825429087,1,1,36.78387664794923,16.683175860323903,60.048492,INFY.F,16982,2026-08-14 09:43:28.939816,2026-08-14 09:44:28.988308,380.0225158691406,1169.300048828125,2.6799999999999997,price_bars,1,long,39.46387664794923,india_futures,0.481582,0.48411,23,0
0.560300181634151,73.6,0.6764270463849127,29.397981100572114,0.025141520459213897,0.03771228068882085,584,0.0,0.29464285714285715,8.0,352.7757732068654,0,0,-9.92,-0.028119844823309273,60.057273,INFY,16988,2026-08-14 09:44:29.456411,2026-08-14 09:45:29.513684,1169.300048828125,1169.300048828125,9.92,price_bars,1,long,0.0,equity_cash,0.465149,0.499699,8,1
0.560300181634151,73.6,0.6764270463849127,35.47427332112869,0.017811947055628982,0.026717920583443473,584,0.0,0.29464285714285715,5.0,266.05704990846516,0,0,-10.559999999999999,-0.03969073551568389,60.057749,BHARTIARTL,17007,2026-08-14 09:44:29.459358,2026-08-14 09:45:29.517107,1991.5999755859375,1991.5999755859375,10.559999999999999,price_bars,1,long,0.0,equity_cash,0.468096,0.498262,7,1
0.560300181634151,73.6,0.6764270463849127,32.387014872374046,0.023777267052987102,0.03566590057948065,584,0.0,0.29464285714285715,7.0,340.0636561599275,0,0,-10.11,-0.0297297279990585,60.058286,HCLTECH,17014,2026-08-14 09:44:29.462059,2026-08-14 09:45:29.520345,1362.0999755859375,1362.0999755859375,10.11,price_bars,1,long,0.0,equity_cash,0.470797,0.498057,7,1
0.560300181634151,73.6,0.6764270463849127,74.63943504983074,0.021784266989506414,0.03267640048425962,584,0.0,0.29464285714285715,3.0,335.8774577242383,0,0,-10.9,-0.032452311845676485,60.058097,M&M,17017,2026-08-14 09:44:29.465332,2026-08-14 09:45:29.523429,3426.300048828125,3426.300048828125,10.9,price_bars,1,long,0.0,equity_cash,0.47407,0.498474,6,1
0.560300181634151,73.6,0.6764270463849127,44.805134845573264,0.02230442739769509,0.03345664109654263,584,0.0,0.29464285714285715,5.0,336.03851134179945,0,0,-10.649999999999999,-0.031692796035414576,60.058295,BAJAJFINSV,17028,2026-08-14 09:44:29.467903,2026-08-14 09:45:29.526198,2008.800048828125,2008.800048828125,10.649999999999999,price_bars,1,long,0.0,equity_cash,0.476641,0.498134,6,1
0.560300181634151,73.6,0.6764270463849127,83.24220575484344,0.02566827189480217,0.038502407842203254,584,0.0,0.29464285714285715,1.0,124.86330863226516,0,0,-3.4400000000000004,-0.027550126916235592,60.058041,GRASIM,17036,2026-08-14 09:44:29.471398,2026-08-14 09:45:29.529439,3243.0,3243.0,3.4400000000000004,price_bars,1,long,0.0,equity_cash,0.480136,0.49607,6,1
0.560300181634151,73.6,0.6764270463849127,34.221850415254856,0.022785704680047432,0.034178557020071144,584,0.0,0.29464285714285715,2.0,102.66555124576456,0,0,-3.1799999999999997,-0.03097436249465606,60.058979,NESTLEIND,17043,2026-08-14 09:44:29.473986,2026-08-14 09:45:29.532965,1501.9000244140625,1501.9000244140625,3.1799999999999997,price_bars,1,long,0.0,equity_cash,0.482724,0.493767,7,1
0.560300181634151,73.6,0.6764270463849127,1257.0859357090626,0.021675380474561988,0.03251307071184298,584,0.0,0.29464285714285715,0.0184,34.69557182557013,0,0,-23.86,-0.6876958281579764,60.055189,BNBUSDT,17093,2026-08-14 09:44:29.480745,2026-08-14 09:45:29.535934,57996.026283569336,57996.026283569336,23.86,price_bars,1,long,0.0,crypto_spot,0.489483,0.496495,7,1
0.560300181634151,73.6,0.6764270463849127,29.397981100572114,0.07735852448988892,0.11603778673483339,584,0.0,0.29464285714285715,0.05,2.2048485825429087,1,1,36.78387664794923,16.683175860323903,60.053197,INFY.F,17110,2026-08-14 09:44:29.485512,2026-08-14 09:45:29.538709,380.0225158691406,1169.300048828125,2.6799999999999997,price_bars,1,long,39.46387664794923,india_futures,0.49425,0.497204,24,0
0.5486703895303936,73.6,0.6764270463849127,29.397981100572114,0.025141520459213897,0.03771228068882085,585,0.0,0.29464285714285715,8.0,352.7757732068654,0,0,-9.92,-0.028119844823309273,60.034653,INFY,17116,2026-08-14 09:45:29.992020,2026-08-14 09:46:30.026673,1169.300048828125,1169.300048828125,9.92,price_bars,1,long,0.0,equity_cash,0.451029,0.478336,9,1
0.5486703895303936,73.6,0.6764270463849127,35.47427332112869,0.017811947055628982,0.026717920583443473,585,0.0,0.29464285714285715,5.0,266.05704990846516,0,0,-10.559999999999999,-0.03969073551568389,60.034538,BHARTIARTL,17135,2026-08-14 09:45:29.995449,2026-08-14 09:46:30.029987,1991.5999755859375,1991.5999755859375,10.559999999999999,price_bars,1,long,0.0,equity_cash,0.454458,0.478342,8,1
0.5486703895303936,73.6,0.6764270463849127,32.387014872374046,0.023777267052987102,0.03566590057948065,585,0.0,0.29464285714285715,7.0,340.0636561599275,0,0,-10.11,-0.0297297279990585,60.034423,HCLTECH,17142,2026-08-14 09:45:29.998351,2026-08-14 09:46:30.032774,1362.0999755859375,1362.0999755859375,10.11,price_bars,1,long,0.0,equity_cash,0.45736,0.478006,8,1
0.5486703895303936,73.6,0.6764270463849127,74.63943504983074,0.021784266989506414,0.03267640048425962,585,0.0,0.29464285714285715,2.0,223.9183051494922,0,0,-7.27,-0.03246719822725706,60.034591,M&M,17145,2026-08-14 09:45:30.001025,2026-08-14 09:46:30.035616,3426.300048828125,3426.300048828125,7.27,price_bars,1,long,0.0,equity_cash,0.460034,0.477596,7,1
0.5486703895303936,73.6,0.6764270463849127,44.805134845573264,0.02230442739769509,0.03345664109654263,585,0.0,0.29464285714285715,5.0,336.03851134179945,0,0,-10.649999999999999,-0.031692796035414576,60.03456,BAJAJFINSV,17156,2026-08-14 09:45:30.003867,2026-08-14 09:46:30.038427,2008.800048828125,2008.800048828125,10.649999999999999,price_bars,1,long,0.0,equity_cash,0.462876,0.477669,7,1
0.5486703895303936,73.6,0.6764270463849127,110.96548597208222,0.019959616147510066,0.029939424221265103,585,0.0,0.29464285714285715,1.0,166.44822895812334,0,0,-5.9,-0.03544645705713324,60.03482,BRITANNIA,17159,2026-08-14 09:45:30.006625,2026-08-14 09:46:30.041445,5559.5,5559.5,5.9,price_bars,1,long,0.0,equity_cash,0.465634,,1,1
0.5486703895303936,73.6,0.6764270463849127,83.24220575484344,0.02566827189480217,0.038502407842203254,585,0.0,0.29464285714285715,1.0,124.86330863226516,0,0,-3.4400000000000004,-0.027550126916235592,60.034235,GRASIM,17164,2026-08-14 09:45:30.010096,2026-08-14 09:46:30.044331,3243.0,3243.0,3.4400000000000004,price_bars,1,long,0.0,equity_cash,0.469105,0.480657,7,1
0.5486703895303936,73.6,0.6764270463849127,34.221850415254856,0.022785704680047432,0.034178557020071144,585,0.0,0.29464285714285715,1.0,51.33277562288228,0,0,-1.5899999999999999,-0.03097436249465606,60.03445,NESTLEIND,17171,2026-08-14 09:45:30.012649,2026-08-14 09:46:30.047099,1501.9000244140625,1501.9000244140625,1.5899999999999999,price_bars,1,long,0.0,equity_cash,0.471658,0.479684,8,1
0.5486703895303936,73.6,0.6764270463849127,1257.0859357090626,0.021675380474561988,0.03251307071184298,585,0.0,0.29464285714285715,0.0108,20.364792158486814,0,0,-14.0,-0.6874609812389195,60.032765,BNBUSDT,17221,2026-08-14 09:45:30.017121,2026-08-14 09:46:30.049886,57996.026283569336,57996.026283569336,14.0,price_bars,1,long,0.0,crypto_spot,0.47613,0.481187,8,1
0.5486703895303936,73.6,0.6764270463849127,29.397981100572114,0.07735852448988892,0.11603778673483339,585,0.0,0.29464285714285715,0.05,2.2048485825429087,1,1,36.78387664794923,16.683175860323903,60.03184,INFY.F,17238,2026-08-14 09:45:30.020783,2026-08-14 09:46:30.052623,380.0225158691406,1169.300048828125,2.6799999999999997,price_bars,1,long,39.46387664794923,india_futures,0.479792,0.482074,25,0
0.5374194908963175,73.6,0.6764270463849127,29.397981100572114,0.025141520459213897,0.03771228068882085,586,0.0,0.29464285714285715,8.0,352.7757732068654,0,0,-10.72078125,-0.030389788824056817,128.32805,INFY,17244,2026-08-14 09:46:30.470069,2026-08-14 09:48:38.798119,1169.300048828125,1169.199951171875,9.92,price_bars,0,long,-0.80078125,equity_cash,0.415162,0.443396,10,1
0.5374194908963175,73.6,0.6764270463849127,35.47427332112869,0.017811947055628982,0.026717920583443473,586,0.0,0.29464285714285715,5.0,266.05704990846516,0,0,-8.559877929687499,-0.032173091946379385,128.333281,BHARTIARTL,17263,2026-08-14 09:46:30.472856,2026-08-14 09:48:38.806137,1991.5999755859375,1992.0,10.559999999999999,price_bars,0,long,2.0001220703125,equity_cash,0.417949,0.442869,9,1
0.5374194908963175,73.6,0.6764270463849127,32.387014872374046,0.023777267052987102,0.03566590057948065,586,0.0,0.29464285714285715,7.0,340.0636561599275,0,0,-19.2094873046875,-0.05648791617900364,128.33415,HCLTECH,17270,2026-08-14 09:46:30.475440,2026-08-14 09:48:38.809590,1362.0999755859375,1360.800048828125,10.11,price_bars,0,long,-9.0994873046875,equity_cash,0.420533,0.442666,9,1
0.5374194908963175,73.6,0.6764270463849127,74.63943504983074,0.021784266989506414,0.03267640048425962,586,0.0,0.29464285714285715,2.0,223.9183051494922,0,0,-15.06029296875,-0.06725798035446659,128.334442,M&M,17273,2026-08-14 09:46:30.477995,2026-08-14 09:48:38.812437,3426.300048828125,3422.39990234375,7.26,price_bars,0,long,-7.80029296875,equity_cash,0.423088,0.442379,8,1
0.5374194908963175,73.6,0.6764270463849127,44.805134845573264,0.02230442739769509,0.03345664109654263,586,0.0,0.29464285714285715,5.0,336.03851134179945,0,0,-21.6403662109375,-0.0643984706530441,128.334689,BAJAJFINSV,17284,2026-08-14 09:46:30.480536,2026-08-14 09:48:38.815225,2008.800048828125,2006.5999755859375,10.64,price_bars,0,long,-11.0003662109375,equity_cash,0.425629,0.442109,8,1
0.5374194908963175,73.6,0.6764270463849127,110.96548597208222,0.019959616147510066,0.029939424221265103,586,0.0,0.29464285714285715,1.0,166.44822895812334,0,0,-15.39,-0.09246118205242043,128.334987,BRITANNIA,17287,2026-08-14 09:46:30.483077,2026-08-14 09:48:38.818064,5559.5,5550.0,5.89,price_bars,0,long,-9.5,equity_cash,0.42817,0.441632,2,1
0.5374194908963175,73.6,0.6764270463849127,83.24220575484344,0.02566827189480217,0.038502407842203254,586,0.0,0.29464285714285715,1.0,124.86330863226516,0,0,-13.629951171875,-0.10915897809513088,128.334641,GRASIM,17292,2026-08-14 09:46:30.486290,2026-08-14 09:48:38.820931,3243.0,3232.800048828125,3.4299999999999997,price_bars,0,long,-10.199951171875,equity_cash,0.431383,0.441959,8,1
0.5374194908963175,73.6,0.6764270463849127,34.221850415254856,0.022785704680047432,0.034178557020071144,586,0.0,0.29464285714285715,1.0,51.33277562288228,0,0,-3.2900732421875,-0.06409303222483269,128.334885,NESTLEIND,17299,2026-08-14 09:46:30.489020,2026-08-14 09:48:38.823905,1501.9000244140625,1500.199951171875,1.5899999999999999,price_bars,0,long,-1.7000732421875,equity_cash,0.434113,0.441921,9,1
0.5374194908963175,73.6,0.6764270463849127,1257.0859357090626,0.021675380474561988,0.03251307071184298,586,0.0,0.29464285714285715,0.010400000000000001,19.61054059706138,0,0,-13.400593917968747,-0.6833362829363722,128.333364,BNBUSDT,17349,2026-08-14 09:46:30.493437,2026-08-14 09:48:38.826801,57996.026283569336,58003.66148376465,13.48,price_bars,0,long,0.07940608203125303,crypto_spot,0.43853,0.443551,9,1
0.5374194908963175,73.6,0.6764270463849127,29.397981100572114,0.07735852448988892,0.11603778673483339,586,0.0,0.29464285714285715,0.05,2.2048485825429087,1,1,36.77887176513673,16.680905916323155,128.33278,INFY.F,17366,2026-08-14 09:46:30.496792,2026-08-14 09:48:38.829572,380.0225158691406,1169.199951171875,2.6799999999999997,price_bars,0,long,39.45887176513673,india_futures,0.441885,0.444169,26,0
0.5279403873227256,73.6,0.6764270463849127,29.397981100572114,0.025143672877429454,0.03771550931614418,588,0.0,0.29464285714285715,8.0,352.7757732068654,0,0,-9.92,-0.028119844823309273,60.048871,INFY,17500,2026-08-14 09:48:39.250694,2026-08-14 09:49:39.299565,1169.199951171875,1169.199951171875,9.92,price_bars,1,long,0.0,equity_cash,0.418841,0.452575,11,1
0.5279403873227256,73.6,0.6764270463849127,35.47427332112869,0.017808370141128863,0.02671255521169329,588,0.0,0.29464285714285715,5.0,266.05704990846516,0,0,-10.57,-0.03972832143946769,60.052278,BHARTIARTL,17519,2026-08-14 09:48:39.255218,2026-08-14 09:49:39.307496,1992.0,1992.0,10.57,price_bars,1,long,0.0,equity_cash,0.423365,0.449081,10,1
0.5279403873227256,73.6,0.6764270463849127,32.387014872374046,0.02379998068067726,0.035699971021015894,588,0.0,0.29464285714285715,7.0,340.0636561599275,0,0,-10.1,-0.029700321739910072,60.052741,HCLTECH,17526,2026-08-14 09:48:39.257833,2026-08-14 09:49:39.310574,1360.800048828125,1360.800048828125,10.1,price_bars,1,long,0.0,equity_cash,0.42598,0.448243,10,1
0.5279403873227256,73.6,0.6764270463849127,74.63943504983074,0.021809092210035325,0.03271363831505299,588,0.0,0.29464285714285715,2.0,223.9183051494922,0,0,-7.26,-0.03242253908251531,60.053212,M&M,17529,2026-08-14 09:48:39.260521,2026-08-14 09:49:39.313733,3422.39990234375,3422.39990234375,7.26,price_bars,1,long,0.0,equity_cash,0.428668,0.448084,9,1
0.5279403873227256,73.6,0.6764270463849127,44.805134845573264,0.022328882383490477,0.03349332357523572,588,0.0,0.29464285714285715,5.0,336.03851134179945,0,0,-10.64,-0.03166303754148462,60.053903,BAJAJFINSV,17540,2026-08-14 09:48:39.263037,2026-08-14 09:49:39.316940,2006.5999755859375,2006.5999755859375,10.64,price_bars,1,long,0.0,equity_cash,0.431184,0.447812,9,1
0.5279403873227256,73.6,0.6764270463849127,110.96548597208222,0.01999378125623103,0.029990671884346547,588,0.0,0.29464285714285715,1.0,166.44822895812334,0,0,-5.88,-0.035326299575583635,60.059991,BRITANNIA,17543,2026-08-14 09:48:39.265605,2026-08-14 09:49:39.325596,5550.0,5550.0,5.88,price_bars,1,long,0.0,equity_cash,0.433752,0.447541,3,1
0.5279403873227256,73.6,0.6764270463849127,83.24220575484344,0.025749259000728594,0.03862388850109289,588,0.0,0.29464285714285715,1.0,124.86330863226516,0,0,-3.4299999999999997,-0.027470039337990717,60.061172,GRASIM,17548,2026-08-14 09:48:39.268693,2026-08-14 09:49:39.329865,3232.800048828125,3232.800048828125,3.4299999999999997,price_bars,1,long,0.0,equity_cash,0.43684,0.447762,9,1
0.5279403873227256,73.6,0.6764270463849127,34.221850415254856,0.022811526149246038,0.03421728922386905,588,0.0,0.29464285714285715,1.0,51.33277562288228,0,0,-1.5899999999999999,-0.03097436249465606,60.061338,NESTLEIND,17555,2026-08-14 09:48:39.271323,2026-08-14 09:49:39.332661,1500.199951171875,1500.199951171875,1.5899999999999999,price_bars,1,long,0.0,equity_cash,0.43947,0.447418,10,1
0.5279403873227256,73.6,0.6764270463849127,1257.0859357090626,0.0216725272776258,0.032508790916438705,588,0.0,0.29464285714285715,0.01,18.85628903563594,0,0,-12.960000000000074,-0.6873038473003545,60.062215,BNBUSDT,17605,2026-08-14 09:48:39.275885,2026-08-14 09:49:39.338100,58003.661483764656,58003.66148376465,12.96,price_bars,1,long,-7.275957614183426e-14,crypto_spot,0.444032,0.449084,10,1
0.5279403873227256,73.6,0.6764270463849127,29.397981100572114,0.07736514731516754,0.11604772097275132,588,0.0,0.29464285714285715,0.05,2.2048485825429087,1,1,36.780498352050785,16.681643648123394,60.064134,INFY.F,17622,2026-08-14 09:48:39.279010,2026-08-14 09:49:39.343144,379.9899841308594,1169.199951171875,2.6799999999999997,price_bars,1,long,39.460498352050784,india_futures,0.447157,0.449438,27,0
0.5198450944898042,73.6,0.6764270463849127,29.397981100572114,0.025143672877429454,0.03771550931614418,589,0.0,0.29464285714285715,8.0,352.7757732068654,0,0,-9.92,-0.028119844823309273,60.061413,INFY,18268,2026-08-14 09:49:40.011471,2026-08-14 09:50:40.072884,1169.199951171875,1169.199951171875,9.92,price_bars,1,long,0.0,equity_cash,0.665801,0.711906,12,1
0.5198450944898042,73.6,0.6764270463849127,35.47427332112869,0.017808370141128863,0.02671255521169329,589,0.0,0.29464285714285715,5.0,266.05704990846516,0,0,-10.57,-0.03972832143946769,60.062676,BHARTIARTL,18287,2026-08-14 09:49:40.014207,2026-08-14 09:50:40.076883,1992.0,1992.0,10.57,price_bars,1,long,0.0,equity_cash,0.668537,0.706711,11,1
0.5198450944898042,73.6,0.6764270463849127,32.387014872374046,0.02379998068067726,0.035699971021015894,589,0.0,0.29464285714285715,7.0,340.0636561599275,0,0,-10.1,-0.029700321739910072,60.066804,HCLTECH,18294,2026-08-14 09:49:40.016829,2026-08-14 09:50:40.083633,1360.800048828125,1360.800048828125,10.1,price_bars,1,long,0.0,equity_cash,0.671159,0.706255,11,1
0.5198450944898042,73.6,0.6764270463849127,74.63943504983074,0.021809092210035325,0.03271363831505299,589,0.0,0.29464285714285715,2.0,223.9183051494922,0,0,-7.26,-0.03242253908251531,60.065019,M&M,18297,2026-08-14 09:49:40.024133,2026-08-14 09:50:40.089152,3422.39990234375,3422.39990234375,7.26,price_bars,1,long,0.0,equity_cash,0.678463,0.7104,10,1
0.5198450944898042,73.6,0.6764270463849127,44.805134845573264,0.022328882383490477,0.03349332357523572,589,0.0,0.29464285714285715,5.0,336.03851134179945,0,0,-10.64,-0.03166303754148462,60.066662,BAJAJFINSV,18308,2026-08-14 09:49:40.028472,2026-08-14 09:50:40.095134,2006.5999755859375,2006.5999755859375,10.64,price_bars,1,long,0.0,equity_cash,0.682802,0.711532,10,1
0.5198450944898042,73.6,0.6764270463849127,110.96548597208222,0.01999378125623103,0.029990671884346547,589,0.0,0.29464285714285715,1.0,166.44822895812334,0,0,-5.88,-0.035326299575583635,60.071235,BRITANNIA,18311,2026-08-14 09:49:40.031059,2026-08-14 09:50:40.102294,5550.0,5550.0,5.88,price_bars,1,long,0.0,equity_cash,0.685389,0.705463,4,1
0.5198450944898042,73.6,0.6764270463849127,83.24220575484344,0.025749259000728594,0.03862388850109289,589,0.0,0.29464285714285715,1.0,124.86330863226516,0,0,-3.4299999999999997,-0.027470039337990717,60.072111,GRASIM,18316,2026-08-14 09:49:40.035165,2026-08-14 09:50:40.107276,3232.800048828125,3232.800048828125,3.4299999999999997,price_bars,1,long,0.0,equity_cash,0.689495,0.7053,10,1
0.5198450944898042,73.6,0.6764270463849127,34.221850415254856,0.022811526149246038,0.03421728922386905,589,0.0,0.29464285714285715,1.0,51.33277562288228,0,0,-1.5899999999999999,-0.03097436249465606,60.075299,NESTLEIND,18323,2026-08-14 09:49:40.041480,2026-08-14 09:50:40.116779,1500.199951171875,1500.199951171875,1.5899999999999999,price_bars,1,long,0.0,equity_cash,0.69581,0.708819,11,1
0.5198450944898042,73.6,0.6764270463849127,1257.0859357090626,0.021672527277625805,0.032508790916438705,589,0.0,0.29464285714285715,0.009600000000000001,18.102037474210505,0,0,-12.46,-0.6883203074654681,60.075376,BNBUSDT,18373,2026-08-14 09:49:40.046358,2026-08-14 09:50:40.121734,58003.66148376465,58003.66148376465,12.46,price_bars,1,long,0.0,crypto_spot,0.700688,0.708258,11,1
0.5198450944898042,73.6,0.6764270463849127,29.397981100572114,0.07736514731516754,0.11604772097275132,589,0.0,0.29464285714285715,0.05,2.2048485825429087,1,1,36.780498352050785,16.681643648123394,60.076074,INFY.F,18390,2026-08-14 09:49:40.049654,2026-08-14 09:50:40.125728,379.9899841308594,1169.199951171875,2.6799999999999997,price_bars,1,long,39.460498352050784,india_futures,0.703984,0.70651,28,0
0.5128512020423143,73.6,0.6764270463849127,29.397981100572114,0.025143672877429454,0.03771550931614418,590,0.0,0.29464285714285715,8.0,352.7757732068654,0,0,-9.92,-0.028119844823309273,60.072864,INFY,18396,2026-08-14 09:50:40.780997,2026-08-14 09:51:40.853861,1169.199951171875,1169.199951171875,9.92,price_bars,1,long,0.0,equity_cash,0.649189,0.708113,13,1
0.5128512020423143,73.6,0.6764270463849127,35.47427332112869,0.017808370141128863,0.02671255521169329,590,0.0,0.29464285714285715,5.0,266.05704990846516,0,0,-10.57,-0.03972832143946769,60.088791,BHARTIARTL,18415,2026-08-14 09:50:40.783793,2026-08-14 09:51:40.872584,1992.0,1992.0,10.57,price_bars,1,long,0.0,equity_cash,0.651985,0.70691,12,1
0.5128512020423143,73.6,0.6764270463849127,32.387014872374046,0.02379998068067726,0.035699971021015894,590,0.0,0.29464285714285715,7.0,340.0636561599275,0,0,-10.1,-0.029700321739910072,60.089104,HCLTECH,18422,2026-08-14 09:50:40.786398,2026-08-14 09:51:40.875502,1360.800048828125,1360.800048828125,10.1,price_bars,1,long,0.0,equity_cash,0.65459,0.702765,12,1
0.5128512020423143,73.6,0.6764270463849127,74.63943504983074,0.021809092210035325,0.03271363831505299,590,0.0,0.29464285714285715,2.0,223.9183051494922,0,0,-7.26,-0.03242253908251531,60.089427,M&M,18425,2026-08-14 09:50:40.788985,2026-08-14 09:51:40.878412,3422.39990234375,3422.39990234375,7.26,price_bars,1,long,0.0,equity_cash,0.657177,0.699833,11,1
0.5128512020423143,73.6,0.6764270463849127,44.805134845573264,0.022328882383490477,0.03349332357523572,590,0.0,0.29464285714285715,5.0,336.03851134179945,0,0,-10.64,-0.03166303754148462,60.089651,BAJAJFINSV,18436,2026-08-14 09:50:40.791590,2026-08-14 09:51:40.881241,2006.5999755859375,2006.5999755859375,10.64,price_bars,1,long,0.0,equity_cash,0.659782,0.696456,11,1
0.5128512020423143,73.6,0.6764270463849127,110.96548597208222,0.01999378125623103,0.029990671884346547,590,0.0,0.29464285714285715,1.0,166.44822895812334,0,0,-5.88,-0.035326299575583635,60.08761,BRITANNIA,18439,2026-08-14 09:50:40.796425,2026-08-14 09:51:40.884035,5550.0,5550.0,5.88,price_bars,1,long,0.0,equity_cash,0.664617,0.694131,5,1
0.5128512020423143,73.6,0.6764270463849127,83.24220575484344,0.025749259000728594,0.03862388850109289,590,0.0,0.29464285714285715,1.0,124.86330863226516,0,0,-3.4299999999999997,-0.027470039337990717,60.089177,GRASIM,18444,2026-08-14 09:50:40.799800,2026-08-14 09:51:40.888977,3232.800048828125,3232.800048828125,3.4299999999999997,price_bars,1,long,0.0,equity_cash,0.667992,0.692524,11,1
0.5128512020423143,73.6,0.6764270463849127,34.221850415254856,0.022811526149246038,0.03421728922386905,590,0.0,0.29464285714285715,1.0,51.33277562288228,0,0,-1.5899999999999999,-0.03097436249465606,60.08952,NESTLEIND,18451,2026-08-14 09:50:40.802489,2026-08-14 09:51:40.892009,1500.199951171875,1500.199951171875,1.5899999999999999,price_bars,1,long,0.0,equity_cash,0.670681,0.68571,12,1
0.5128512020423143,73.6,0.6764270463849127,1257.0859357090626,0.021672527277625805,0.032508790916438705,590,0.0,0.29464285714285715,0.0092,17.347785912785064,0,0,-11.94,-0.6882722705956611,60.087737,BNBUSDT,18501,2026-08-14 09:50:40.807101,2026-08-14 09:51:40.894838,58003.66148376465,58003.66148376465,11.94,price_bars,1,long,0.0,crypto_spot,0.675293,0.685367,12,1
0.5128512020423143,73.6,0.6764270463849127,29.397981100572114,0.07736514731516754,0.11604772097275132,590,0.0,0.29464285714285715,0.05,2.2048485825429087,1,1,36.780498352050785,16.681643648123394,60.083935,INFY.F,18518,2026-08-14 09:50:40.813694,2026-08-14 09:51:40.897629,379.9899841308594,1169.199951171875,2.6799999999999997,price_bars,1,long,39.460498352050784,india_futures,0.681886,0.687966,29,0
0.5067482513078804,73.6,0.6764270463849127,29.397981100572114,0.025143672877429454,0.03771550931614418,591,0.0,0.29464285714285715,8.0,352.7757732068654,0,0,-9.92,-0.028119844823309273,101.448193,INFY,18524,2026-08-14 09:51:41.774711,2026-08-14 09:53:23.222904,1169.199951171875,1169.199951171875,9.92,price_bars,1,long,0.0,equity_cash,0.874699,0.92085,14,1
0.5067482513078804,73.6,0.6764270463849127,35.47427332112869,0.017808370141128863,0.02671255521169329,591,0.0,0.29464285714285715,5.0,266.05704990846516,0,0,-10.57,-0.03972832143946769,101.463514,BHARTIARTL,18543,2026-08-14 09:51:41.777515,2026-08-14 09:53:23.241029,1992.0,1992.0,10.57,price_bars,1,long,0.0,equity_cash,0.877503,0.904931,13,1
0.5067482513078804,73.6,0.6764270463849127,32.387014872374046,0.02379998068067726,0.035699971021015894,591,0.0,0.29464285714285715,7.0,340.0636561599275,0,0,-10.1,-0.029700321739910072,101.468524,HCLTECH,18550,2026-08-14 09:51:41.780077,2026-08-14 09:53:23.248601,1360.800048828125,1360.800048828125,10.1,price_bars,1,long,0.0,equity_cash,0.880065,0.904575,13,1
0.5067482513078804,73.6,0.6764270463849127,74.63943504983074,0.021809092210035325,0.03271363831505299,591,0.0,0.29464285714285715,2.0,223.9183051494922,0,0,-7.26,-0.03242253908251531,101.473012,M&M,18553,2026-08-14 09:51:41.782619,2026-08-14 09:53:23.255631,3422.39990234375,3422.39990234375,7.26,price_bars,1,long,0.0,equity_cash,0.882607,0.904207,12,1
0.5067482513078804,73.6,0.6764270463849127,44.805134845573264,0.022328882383490477,0.03349332357523572,591,0.0,0.29464285714285715,5.0,336.03851134179945,0,0,-10.64,-0.03166303754148462,101.477537,BAJAJFINSV,18564,2026-08-14 09:51:41.785294,2026-08-14 09:53:23.262831,2006.5999755859375,2006.5999755859375,10.64,price_bars,1,long,0.0,equity_cash,0.885282,0.904053,12,1
0.5067482513078804,73.6,0.6764270463849127,110.96548597208222,0.01999378125623103,0.029990671884346547,591,0.0,0.29464285714285715,1.0,166.44822895812334,0,0,-5.88,-0.035326299575583635,101.478062,BRITANNIA,18567,2026-08-14 09:51:41.791714,2026-08-14 09:53:23.269776,5550.0,5550.0,5.88,price_bars,1,long,0.0,equity_cash,0.891702,0.907679,6,1
0.5067482513078804,73.6,0.6764270463849127,83.24220575484344,0.025749259000728594,0.03862388850109289,591,0.0,0.29464285714285715,1.0,124.86330863226516,0,0,-3.4299999999999997,-0.027470039337990717,101.483193,GRASIM,18572,2026-08-14 09:51:41.794662,2026-08-14 09:53:23.277855,3232.800048828125,3232.800048828125,3.4299999999999997,price_bars,1,long,0.0,equity_cash,0.89465,0.905685,12,1
0.5067482513078804,73.6,0.6764270463849127,41.7498018392868,0.03380277116391367,0.050704156745870504,591,0.0,0.29464285714285715,1.0,62.624702758930205,0,0,-1.31,-0.020918262958353053,101.486062,LODHA,18597,2026-08-14 09:51:41.798876,2026-08-14 09:53:23.284938,1235.0999755859375,1235.0999755859375,1.31,price_bars,1,long,0.0,equity_cash,0.898864,760.348881,2,1
0.5067482513078804,73.6,0.6764270463849127,1257.0859357090626,0.021672527277625805,0.032508790916438705,591,0.0,0.29464285714285715,0.0118,22.250421062050407,0,0,-15.308739545150772,-0.6880202177953774,101.491406,BNBUSDT,18629,2026-08-14 09:51:41.801889,2026-08-14 09:53:23.293295,58003.66148376465,58002.92084434509,15.3,price_bars,1,long,-0.008739545150770573,crypto_spot,0.901877,0.907051,13,1
0.5067482513078804,73.6,0.6764270463849127,29.397981100572114,0.07736514731516754,0.11604772097275132,591,0.0,0.29464285714285715,0.05,2.2048485825429087,1,1,36.780498352050785,16.681643648123394,101.492997,INFY.F,18646,2026-08-14 09:51:41.807648,2026-08-14 09:53:23.300645,379.9899841308594,1169.199951171875,2.6799999999999997,price_bars,1,long,39.460498352050784,india_futures,0.907636,0.910019,30,0
0.5013761928769714,73.6,0.6764270463849127,29.397981100572114,0.025143672877429454,0.03771550931614418,593,0.0,0.29464285714285715,8.0,352.7757732068654,0,0,-9.92,-0.028119844823309273,60.117434,INFY,18652,2026-08-14 09:53:24.449490,2026-08-14 09:54:24.566924,1169.199951171875,1169.199951171875,9.92,price_bars,1,long,0.0,equity_cash,1.142595,1.226586,15,1
0.5013761928769714,73.6,0.6764270463849127,35.47427332112869,0.017808370141128863,0.02671255521169329,593,0.0,0.29464285714285715,5.0,266.05704990846516,0,0,-10.57,-0.03972832143946769,60.112876,BHARTIARTL,18671,2026-08-14 09:53:24.457176,2026-08-14 09:54:24.570052,1992.0,1992.0,10.57,price_bars,1,long,0.0,equity_cash,1.150281,1.216147,14,1
0.5013761928769714,73.6,0.6764270463849127,32.387014872374046,0.02379998068067726,0.035699971021015894,593,0.0,0.29464285714285715,7.0,340.0636561599275,0,0,-10.1,-0.029700321739910072,60.109763,HCLTECH,18678,2026-08-14 09:53:24.463284,2026-08-14 09:54:24.573047,1360.800048828125,1360.800048828125,10.1,price_bars,1,long,0.0,equity_cash,1.156389,1.214683,14,1
0.5013761928769714,73.6,0.6764270463849127,74.63943504983074,0.021809092210035325,0.03271363831505299,593,0.0,0.29464285714285715,2.0,223.9183051494922,0,0,-7.26,-0.03242253908251531,60.106525,M&M,18681,2026-08-14 09:53:24.469372,2026-08-14 09:54:24.575897,3422.39990234375,3422.39990234375,7.26,price_bars,1,long,0.0,equity_cash,1.162477,1.213741,13,1
0.5013761928769714,73.6,0.6764270463849127,44.805134845573264,0.022328882383490477,0.03349332357523572,593,0.0,0.29464285714285715,5.0,336.03851134179945,0,0,-10.64,-0.03166303754148462,60.102207,BAJAJFINSV,18692,2026-08-14 09:53:24.476483,2026-08-14 09:54:24.578690,2006.5999755859375,2006.5999755859375,10.64,price_bars,1,long,0.0,equity_cash,1.169588,1.213652,13,1
0.5013761928769714,73.6,0.6764270463849127,110.96548597208222,0.01999378125623103,0.029990671884346547,593,0.0,0.29464285714285715,1.0,166.44822895812334,0,0,-5.88,-0.035326299575583635,60.098797,BRITANNIA,18695,2026-08-14 09:53:24.482897,2026-08-14 09:54:24.581694,5550.0,5550.0,5.88,price_bars,1,long,0.0,equity_cash,1.176002,1.213121,7,1
0.5013761928769714,73.6,0.6764270463849127,83.24220575484344,0.025749259000728594,0.03862388850109289,593,0.0,0.29464285714285715,1.0,124.86330863226516,0,0,-3.4299999999999997,-0.027470039337990717,60.093717,GRASIM,18700,2026-08-14 09:53:24.490785,2026-08-14 09:54:24.584502,3232.800048828125,3232.800048828125,3.4299999999999997,price_bars,1,long,0.0,equity_cash,1.18389,1.21293,13,1
0.5013761928769714,73.6,0.6764270463849127,41.7498018392868,0.03380277116391367,0.050704156745870504,593,0.0,0.29464285714285715,1.0,62.624702758930205,0,0,-1.31,-0.020918262958353053,60.085994,LODHA,18725,2026-08-14 09:53:24.501252,2026-08-14 09:54:24.587246,1235.0999755859375,1235.0999755859375,1.31,price_bars,1,long,0.0,equity_cash,1.194357,1.216314,3,1
0.5013761928769714,73.6,0.6764270463849127,1257.0859357090626,0.02167280401417268,0.03250920602125902,593,0.0,0.29464285714285715,0.0114,21.496169500624973,0,0,-14.78,-0.6875643588300833,60.081463,BNBUSDT,18757,2026-08-14 09:53:24.508517,2026-08-14 09:54:24.589980,58002.92084434509,58002.92084434509,14.78,price_bars,1,long,0.0,crypto_spot,1.201622,1.215222,14,1
0.5013761928769714,73.6,0.6764270463849127,29.397981100572114,0.07736514731516754,0.11604772097275132,593,0.0,0.29464285714285715,0.05,2.2048485825429087,1,1,36.780498352050785,16.681643648123394,60.076414,INFY.F,18774,2026-08-14 09:53:24.516314,2026-08-14 09:54:24.592728,379.9899841308594,1169.199951171875,2.6799999999999997,price_bars,1,long,39.460498352050784,india_futures,1.209419,1.215669,31,0
0.49661114669814266,73.6,0.6764270463849127,29.397981100572114,0.025143672877429454,0.03771550931614418,594,0.0,0.29464285714285715,8.0,352.7757732068654,0,0,-9.92,-0.028119844823309273,109.265472,INFY,19292,2026-08-14 09:54:25.005113,2026-08-14 09:56:14.270585,1169.199951171875,1169.199951171875,9.92,price_bars,1,long,0.0,equity_cash,0.410096,0.438189,16,1
0.49661114669814266,73.6,0.6764270463849127,35.47427332112869,0.017808370141128863,0.02671255521169329,594,0.0,0.29464285714285715,5.0,266.05704990846516,0,0,-10.57,-0.03972832143946769,109.266243,BHARTIARTL,19311,2026-08-14 09:54:25.007836,2026-08-14 09:56:14.274079,1992.0,1992.0,10.57,price_bars,1,long,0.0,equity_cash,0.412819,0.437784,15,1
0.49661114669814266,73.6,0.6764270463849127,32.387014872374046,0.02379998068067726,0.035699971021015894,594,0.0,0.29464285714285715,7.0,340.0636561599275,0,0,-10.1,-0.029700321739910072,109.268463,HCLTECH,19318,2026-08-14 09:54:25.010508,2026-08-14 09:56:14.278971,1360.800048828125,1360.800048828125,10.1,price_bars,1,long,0.0,equity_cash,0.415491,0.437461,15,1
0.49661114669814266,73.6,0.6764270463849127,74.63943504983074,0.021809092210035325,0.03271363831505299,594,0.0,0.29464285714285715,2.0,223.9183051494922,0,0,-7.26,-0.03242253908251531,109.268967,M&M,19321,2026-08-14 09:54:25.013148,2026-08-14 09:56:14.282115,3422.39990234375,3422.39990234375,7.26,price_bars,1,long,0.0,equity_cash,0.418131,0.437251,14,1
0.49661114669814266,73.6,0.6764270463849127,44.805134845573264,0.022328882383490477,0.03349332357523572,594,0.0,0.29464285714285715,5.0,336.03851134179945,0,0,-10.64,-0.03166303754148462,109.271016,BAJAJFINSV,19332,2026-08-14 09:54:25.015684,2026-08-14 09:56:14.286700,2006.5999755859375,2006.5999755859375,10.64,price_bars,1,long,0.0,equity_cash,0.420667,0.436994,14,1
0.49661114669814266,73.6,0.6764270463849127,110.96548597208222,0.01999378125623103,0.029990671884346547,594,0.0,0.29464285714285715,1.0,166.44822895812334,0,0,-5.88,-0.035326299575583635,109.271483,BRITANNIA,19335,2026-08-14 09:54:25.018207,2026-08-14 09:56:14.289690,5550.0,5550.0,5.88,price_bars,1,long,0.0,equity_cash,0.42319,0.436513,8,1
0.49661114669814266,73.6,0.6764270463849127,83.24220575484344,0.025749259000728594,0.03862388850109289,594,0.0,0.29464285714285715,1.0,124.86330863226516,0,0,-3.4299999999999997,-0.027470039337990717,109.271478,GRASIM,19340,2026-08-14 09:54:25.020999,2026-08-14 09:56:14.292477,3232.800048828125,3232.800048828125,3.4299999999999997,price_bars,1,long,0.0,equity_cash,0.425982,0.436497,14,1
0.49661114669814266,73.6,0.6764270463849127,41.7498018392868,0.03380277116391367,0.050704156745870504,594,0.0,0.29464285714285715,1.0,62.624702758930205,0,0,-1.31,-0.020918262958353053,109.270092,LODHA,19365,2026-08-14 09:54:25.025147,2026-08-14 09:56:14.295239,1235.0999755859375,1235.0999755859375,1.31,price_bars,1,long,0.0,equity_cash,0.43013,0.437901,4,1
0.49661114669814266,73.6,0.6764270463849127,1257.0859357090626,0.02167280401417268,0.03250920602125902,594,0.0,0.29464285714285715,0.0109,20.553355048843173,0,0,-14.14,-0.6879655397572602,109.269883,BNBUSDT,19397,2026-08-14 09:54:25.028216,2026-08-14 09:56:14.298099,58002.92084434509,58002.92084434509,14.14,price_bars,1,long,0.0,crypto_spot,0.433199,0.438236,15,1
0.49661114669814266,73.6,0.6764270463849127,29.397981100572114,0.07736514731516754,0.11604772097275132,594,0.0,0.29464285714285715,0.05,2.2048485825429087,1,1,36.780498352050785,16.681643648123394,109.269914,INFY.F,19414,2026-08-14 09:54:25.031289,2026-08-14 09:56:14.301203,379.9899841308594,1169.199951171875,2.6799999999999997,price_bars,1,long,39.460498352050784,india_futures,0.436272,0.438561,32,0
0.4923557311266753,73.6,0.6764270463849127,29.397981100572114,0.025143672877429454,0.03771550931614418,596,0.0,0.29464285714285715,8.0,352.7757732068654,0,0,-9.92,-0.028119844823309273,10.287656,INFY,20828,2026-08-14 09:56:14.764068,2026-08-14 09:56:25.051724,1169.199951171875,1169.199951171875,9.92,price_bars,1,long,0.0,equity_cash,0.459644,0.493483,17,1
0.4923557311266753,73.6,0.6764270463849127,35.47427332112869,0.017808370141128863,0.02671255521169329,596,0.0,0.29464285714285715,5.0,266.05704990846516,0,0,-10.57,-0.03972832143946769,10.287923,BHARTIARTL,20847,2026-08-14 09:56:14.767091,2026-08-14 09:56:25.055014,1992.0,1992.0,10.57,price_bars,1,long,0.0,equity_cash,0.462667,0.493012,16,1
0.4923557311266753,73.6,0.6764270463849127,32.387014872374046,0.02379998068067726,0.035699971021015894,596,0.0,0.29464285714285715,7.0,340.0636561599275,0,0,-10.1,-0.029700321739910072,10.287023,HCLTECH,20854,2026-08-14 09:56:14.770816,2026-08-14 09:56:25.057839,1360.800048828125,1360.800048828125,10.1,price_bars,1,long,0.0,equity_cash,0.466392,0.491845,16,1
0.4923557311266753,73.6,0.6764270463849127,74.63943504983074,0.021809092210035325,0.03271363831505299,596,0.0,0.29464285714285715,2.0,223.9183051494922,0,0,-7.26,-0.03242253908251531,10.286931,M&M,20857,2026-08-14 09:56:14.773671,2026-08-14 09:56:25.060602,3422.39990234375,3422.39990234375,7.26,price_bars,1,long,0.0,equity_cash,0.469247,0.491556,15,1
0.4923557311266753,73.6,0.6764270463849127,44.805134845573264,0.022328882383490477,0.03349332357523572,596,0.0,0.29464285714285715,5.0,336.03851134179945,0,0,-10.64,-0.03166303754148462,10.287138,BAJAJFINSV,20868,2026-08-14 09:56:14.776299,2026-08-14 09:56:25.063437,2006.5999755859375,2006.5999755859375,10.64,price_bars,1,long,0.0,equity_cash,0.471875,0.489599,15,1
0.4923557311266753,73.6,0.6764270463849127,110.96548597208222,0.01999378125623103,0.029990671884346547,596,0.0,0.29464285714285715,1.0,166.44822895812334,0,0,-5.88,-0.035326299575583635,10.287771,BRITANNIA,20871,2026-08-14 09:56:14.778857,2026-08-14 09:56:25.066628,5550.0,5550.0,5.88,price_bars,1,long,0.0,equity_cash,0.474433,0.489167,9,1
0.4923557311266753,73.6,0.6764270463849127,83.24220575484344,0.025749259000728594,0.03862388850109289,596,0.0,0.29464285714285715,1.0,124.86330863226516,0,0,-3.4299999999999997,-0.027470039337990717,10.289592,GRASIM,20876,2026-08-14 09:56:14.781783,2026-08-14 09:56:25.071375,3232.800048828125,3232.800048828125,3.4299999999999997,price_bars,1,long,0.0,equity_cash,0.477359,0.489306,15,1
0.4923557311266753,73.6,0.6764270463849127,41.7498018392868,0.03380277116391367,0.050704156745870504,596,0.0,0.29464285714285715,1.0,62.624702758930205,0,0,-1.31,-0.020918262958353053,10.287749,LODHA,20901,2026-08-14 09:56:14.786715,2026-08-14 09:56:25.074464,1235.0999755859375,1235.0999755859375,1.31,price_bars,1,long,0.0,equity_cash,0.482291,0.491476,5,1
0.4923557311266753,73.6,0.6764270463849127,1257.0859357090626,0.02167280401417268,0.03250920602125902,596,0.0,0.29464285714285715,0.0105,19.79910348741774,0,0,-13.62,-0.6879099353491163,10.287554,BNBUSDT,20933,2026-08-14 09:56:14.789700,2026-08-14 09:56:25.077254,58002.92084434509,58002.92084434509,13.62,price_bars,1,long,0.0,crypto_spot,0.485276,0.491601,16,1
0.4923557311266753,73.6,0.6764270463849127,29.397981100572114,0.07736514731516754,0.11604772097275132,596,0.0,0.29464285714285715,0.05,2.2048485825429087,1,1,36.780498352050785,16.681643648123394,10.287183,INFY.F,20950,2026-08-14 09:56:14.792837,2026-08-14 09:56:25.080020,379.9899841308594,1169.199951171875,2.6799999999999997,price_bars,1,long,39.460498352050784,india_futures,0.488413,0.491634,33,0
0.488532337440636,73.6,0.6764270463849127,29.397981100572114,0.025143672877429454,0.03771550931614418,596,0.0,0.29464285714285715,8.0,352.7757732068654,0,0,-9.92,-0.028119844823309273,60.041948,INFY,21084,2026-08-14 09:56:25.500992,2026-08-14 09:57:25.542940,1169.199951171875,1169.199951171875,9.92,price_bars,1,long,0.0,equity_cash,0.418517,0.449268,18,1
0.488532337440636,73.6,0.6764270463849127,35.47427332112869,0.017808370141128863,0.02671255521169329,596,0.0,0.29464285714285715,5.0,266.05704990846516,0,0,-10.57,-0.03972832143946769,60.0423,BHARTIARTL,21103,2026-08-14 09:56:25.503770,2026-08-14 09:57:25.546070,1992.0,1992.0,10.57,price_bars,1,long,0.0,equity_cash,0.421295,0.448756,17,1
0.488532337440636,73.6,0.6764270463849127,32.387014872374046,0.02379998068067726,0.035699971021015894,596,0.0,0.29464285714285715,7.0,340.0636561599275,0,0,-10.1,-0.029700321739910072,60.042561,HCLTECH,21110,2026-08-14 09:56:25.506401,2026-08-14 09:57:25.548962,1360.800048828125,1360.800048828125,10.1,price_bars,1,long,0.0,equity_cash,0.423926,0.448562,17,1
0.488532337440636,73.6,0.6764270463849127,74.63943504983074,0.021809092210035325,0.03271363831505299,596,0.0,0.29464285714285715,2.0,223.9183051494922,0,0,-7.26,-0.03242253908251531,60.042814,M&M,21113,2026-08-14 09:56:25.508988,2026-08-14 09:57:25.551802,3422.39990234375,3422.39990234375,7.26,price_bars,1,long,0.0,equity_cash,0.426513,0.448386,16,1
0.488532337440636,73.6,0.6764270463849127,44.805134845573264,0.022328882383490477,0.03349332357523572,596,0.0,0.29464285714285715,5.0,336.03851134179945,0,0,-10.64,-0.03166303754148462,60.043059,BAJAJFINSV,21124,2026-08-14 09:56:25.511569,2026-08-14 09:57:25.554628,2006.5999755859375,2006.5999755859375,10.64,price_bars,1,long,0.0,equity_cash,0.429094,0.448132,16,1
0.488532337440636,73.6,0.6764270463849127,110.96548597208222,0.01999378125623103,0.029990671884346547,596,0.0,0.29464285714285715,1.0,166.44822895812334,0,0,-5.88,-0.035326299575583635,60.043165,BRITANNIA,21127,2026-08-14 09:56:25.514412,2026-08-14 09:57:25.557577,5550.0,5550.0,5.88,price_bars,1,long,0.0,equity_cash,0.431937,0.447784,10,1
0.488532337440636,73.6,0.6764270463849127,83.24220575484344,0.025749259000728594,0.03862388850109289,596,0.0,0.29464285714285715,1.0,124.86330863226516,0,0,-3.4299999999999997,-0.027470039337990717,60.043425,GRASIM,21132,2026-08-14 09:56:25.517306,2026-08-14 09:57:25.560731,3232.800048828125,3232.800048828125,3.4299999999999997,price_bars,1,long,0.0,equity_cash,0.434831,0.445931,16,1
0.488532337440636,73.6,0.6764270463849127,41.7498018392868,0.03380277116391367,0.050704156745870504,596,0.0,0.29464285714285715,1.0,62.624702758930205,0,0,-1.31,-0.020918262958353053,60.04204,LODHA,21157,2026-08-14 09:56:25.521513,2026-08-14 09:57:25.563553,1235.0999755859375,1235.0999755859375,1.31,price_bars,1,long,0.0,equity_cash,0.439038,0.447049,6,1
0.488532337440636,73.6,0.6764270463849127,1257.0859357090626,0.021672804014172677,0.03250920602125902,596,0.0,0.29464285714285715,0.010100000000000001,19.0448519259923,0,0,-13.100000000000072,-0.6878499266314205,60.042053,BNBUSDT,21189,2026-08-14 09:56:25.524417,2026-08-14 09:57:25.566470,58002.9208443451,58002.92084434509,13.1,price_bars,1,long,-7.348717190325261e-14,crypto_spot,0.441942,0.447163,17,1
0.488532337440636,73.6,0.6764270463849127,29.397981100572114,0.07736514731516754,0.11604772097275132,596,0.0,0.29464285714285715,0.05,2.2048485825429087,1,1,36.780498352050785,16.681643648123394,60.041724,INFY.F,21206,2026-08-14 09:56:25.527547,2026-08-14 09:57:25.569271,379.9899841308594,1169.199951171875,2.6799999999999997,price_bars,1,long,39.460498352050784,india_futures,0.445072,0.447527,34,0
0.4850783537725716,73.6,0.6764270463849127,29.397981100572114,0.025143672877429454,0.03771550931614418,597,0.0,0.29464285714285715,8.0,352.7757732068654,0,0,-9.92,-0.028119844823309273,9835.376297,INFY,21596,2026-08-14 09:57:25.997640,2026-08-14 12:41:21.373937,1169.199951171875,1169.199951171875,9.92,price_bars,0,long,0.0,equity_cash,0.42598,0.4547,19,1
0.4850783537725716,73.6,0.6764270463849127,35.47427332112869,0.017808370141128863,0.02671255521169329,597,0.0,0.29464285714285715,5.0,266.05704990846516,0,0,-10.0701220703125,-0.0378494840628243,9835.622327,BHARTIARTL,21615,2026-08-14 09:57:26.000417,2026-08-14 12:41:21.622744,1992.0,1992.0999755859375,10.57,price_bars,0,long,0.4998779296875,equity_cash,0.428757,0.454347,18,1
0.4850783537725716,73.6,0.6764270463849127,32.387014872374046,0.02379998068067726,0.035699971021015894,597,0.0,0.29464285714285715,7.0,340.0636561599275,0,0,-15.690341796875,-0.046139425700628345,9835.622792,HCLTECH,21622,2026-08-14 09:57:26.003023,2026-08-14 12:41:21.625815,1360.800048828125,1360.0,10.09,price_bars,0,long,-5.600341796875,equity_cash,0.431363,0.454061,18,1
0.4850783537725716,73.6,0.6764270463849127,74.63943504983074,0.021809092210035325,0.03271363831505299,597,0.0,0.29464285714285715,2.0,223.9183051494922,0,1,4.53029296875,0.02023190094139686,9835.639339,M&M,21625,2026-08-14 09:57:26.005811,2026-08-14 12:41:21.645150,3422.39990234375,3428.300048828125,7.27,price_bars,0,long,11.80029296875,equity_cash,0.434151,0.454009,17,1
0.4850783537725716,73.6,0.6764270463849127,44.805134845573264,0.022328882383490477,0.03349332357523572,597,0.0,0.29464285714285715,5.0,336.03851134179945,0,0,-2.1496337890624986,-0.006396986406346778,9835.640692,BAJAJFINSV,21636,2026-08-14 09:57:26.008541,2026-08-14 12:41:21.649233,2006.5999755859375,2008.300048828125,10.649999999999999,price_bars,0,long,8.5003662109375,equity_cash,0.436881,0.453913,17,1
0.4850783537725716,73.6,0.6764270463849127,110.96548597208222,0.01999378125623103,0.029990671884346547,597,0.0,0.29464285714285715,1.0,166.44822895812334,0,1,2.1099999999999994,0.01267661430348324,9835.64106,BRITANNIA,21639,2026-08-14 09:57:26.011267,2026-08-14 12:41:21.652327,5550.0,5558.0,5.890000000000001,price_bars,0,long,8.0,equity_cash,0.439607,0.45369,11,1
0.4850783537725716,73.6,0.6764270463849127,83.24220575484344,0.025749259000728594,0.03862388850109289,597,0.0,0.29464285714285715,1.0,124.86330863226516,0,1,12.459902343749999,0.09978834038785284,9835.641775,GRASIM,21644,2026-08-14 09:57:26.014254,2026-08-14 12:41:21.656029,3232.800048828125,3248.699951171875,3.4400000000000004,price_bars,0,long,15.89990234375,equity_cash,0.442594,0.453523,17,1
0.4850783537725716,73.6,0.6764270463849127,41.7498018392868,0.03380277116391367,0.050704156745870504,597,0.0,0.29464285714285715,1.0,62.624702758930205,0,1,7.480048828125,0.11944246437254913,9835.656855,LODHA,21669,2026-08-14 09:57:26.018505,2026-08-14 12:41:21.675360,1235.0999755859375,1243.9000244140625,1.32,price_bars,0,long,8.800048828125,equity_cash,0.446845,0.454952,7,1
0.4850783537725716,73.6,0.6764270463849127,29.397981100572114,0.07736514731516754,0.11604772097275132,597,0.0,0.29464285714285715,0.05,2.2048485825429087,1,1,36.780498352050785,16.681643648123394,2969.394362,INFY.F,21718,2026-08-14 09:57:26.024682,2026-08-14 10:46:55.419044,379.9899841308594,1169.199951171875,2.6799999999999997,price_bars,0,long,39.460498352050784,india_futures,0.453022,0.455411,35,0
0.4866983370501635,73.6,0.6764270463849127,29.397981100572114,0.07736514731516754,0.11604772097275132,646,0.0,0.29464285714285715,0.05,2.2048485825429087,1,1,36.780498352050785,16.681643648123394,16.289767,INFY.F,22102,2026-08-14 10:46:56.562626,2026-08-14 10:47:12.852393,379.9899841308594,1169.199951171875,2.6799999999999997,price_bars,1,long,39.460498352050784,india_futures,1.125093,1.143582,36,0
0.4883028180954341,73.6,0.6764270463849127,29.397981100572114,0.07736514731516754,0.11604772097275132,647,0.0,0.29464285714285715,0.05,2.2048485825429087,1,1,36.780498352050785,16.681643648123394,12.505703,INFY.F,22231,2026-08-14 10:47:13.999045,2026-08-14 10:47:26.504748,379.9899841308594,1169.199951171875,2.6799999999999997,price_bars,1,long,39.460498352050784,india_futures,1.139579,1.146652,37,0
0.4898920183688449,73.6,0.6764270463849127,29.397981100572114,0.07736514731516754,0.11604772097275132,647,0.0,0.29464285714285715,0.05,2.2048485825429087,1,1,36.780498352050785,16.681643648123394,60.06113,INFY.F,22489,2026-08-14 10:47:27.551611,2026-08-14 10:48:27.612741,379.9899841308594,1169.199951171875,2.6799999999999997,price_bars,1,long,39.460498352050784,india_futures,1.040226,1.046863,38,0
0.4914661551325551,73.6,0.6764270463849127,29.397981100572114,0.07736514731516754,0.11604772097275132,648,0.0,0.29464285714285715,0.05,2.2048485825429087,1,1,36.780498352050785,16.681643648123394,64.783725,INFY.F,22618,2026-08-14 10:48:28.654760,2026-08-14 10:49:33.438485,379.9899841308594,1169.199951171875,2.6799999999999997,price_bars,1,long,39.460498352050784,india_futures,1.034733,1.042019,39,0
0.49302544154943784,73.6,0.6764270463849127,29.397981100572114,0.07736514731516754,0.11604772097275132,649,0.0,0.29464285714285715,0.05,2.2048485825429087,1,1,36.780498352050785,16.681643648123394,94.939069,INFY.F,22747,2026-08-14 10:49:33.878047,2026-08-14 10:51:08.817116,379.9899841308594,1169.199951171875,2.6799999999999997,price_bars,1,long,39.460498352050784,india_futures,0.436408,0.439562,40,0
0.49457008677930764,73.6,0.6764270463849127,29.397981100572114,0.07736514731516754,0.11604772097275132,651,0.0,0.29464285714285715,0.05,2.2048485825429087,1,1,36.780498352050785,16.681643648123394,67.825201,INFY.F,23133,2026-08-14 10:51:09.479149,2026-08-14 10:52:17.304350,379.9899841308594,1169.199951171875,2.6799999999999997,price_bars,1,long,39.460498352050784,india_futures,0.658934,0.662033,41,0
0.49610029607244965,73.6,0.6764270463849127,29.397981100572114,0.07736514731516754,0.11604772097275132,652,0.0,0.29464285714285715,0.05,2.2048485825429087,1,1,36.780498352050785,16.681643648123394,7.424527,INFY.F,23390,2026-08-14 10:52:17.801976,2026-08-14 10:52:25.226503,379.9899841308594,1169.199951171875,2.6799999999999997,price_bars,1,long,39.460498352050784,india_futures,0.489685,0.497626,42,0
0.4976162708605392,73.6,0.6764270463849127,29.397981100572114,0.07736514731516754,0.11604772097275132,652,0.0,0.29464285714285715,0.05,2.2048485825429087,1,1,36.780498352050785,16.681643648123394,6535.991151,INFY.F,23648,2026-08-14 10:52:25.687360,2026-08-14 12:41:21.678511,379.9899841308594,1169.199951171875,2.6799999999999997,price_bars,0,long,39.460498352050784,india_futures,0.457955,0.460857,43,0
